-- NOTE: change these lines to change your schema in mysql --

create database azwh;
use azwh;
-- ------------------------------------------------------

-- MySQL dump 10.13  Distrib 8.0.12, for macos10.13 (x86_64)
--
-- Host: localhost    Database: csc100
-- ------------------------------------------------------
-- Server version	8.0.12

/*!40101 SET @OLD_CHARACTER_SET_CLIENT=@@CHARACTER_SET_CLIENT */;
/*!40101 SET @OLD_CHARACTER_SET_RESULTS=@@CHARACTER_SET_RESULTS */;
/*!40101 SET @OLD_COLLATION_CONNECTION=@@COLLATION_CONNECTION */;
 SET NAMES utf8 ;
/*!40103 SET @OLD_TIME_ZONE=@@TIME_ZONE */;
/*!40103 SET TIME_ZONE='+00:00' */;
/*!40014 SET @OLD_UNIQUE_CHECKS=@@UNIQUE_CHECKS, UNIQUE_CHECKS=0 */;
/*!40014 SET @OLD_FOREIGN_KEY_CHECKS=@@FOREIGN_KEY_CHECKS, FOREIGN_KEY_CHECKS=0 */;
/*!40101 SET @OLD_SQL_MODE=@@SQL_MODE, SQL_MODE='NO_AUTO_VALUE_ON_ZERO' */;
/*!40111 SET @OLD_SQL_NOTES=@@SQL_NOTES, SQL_NOTES=0 */;

--
-- Table structure for table `azwh_accession_notes`
--

DROP TABLE IF EXISTS `azwh_accession_notes`;
/*!40101 SET @saved_cs_client     = @@character_set_client */;
 SET character_set_client = utf8mb4 ;
CREATE TABLE `azwh_accession_notes` (
  `id` int(11) NOT NULL AUTO_INCREMENT,
  `accession_id` int(11) DEFAULT NULL,
  `notes` text,
  `create_ts` datetime DEFAULT NULL,
  PRIMARY KEY (`id`),
  KEY `accession_id` (`accession_id`),
  CONSTRAINT `azwh_accession_notes_ibfk_1` FOREIGN KEY (`accession_id`) REFERENCES `azwh_accessions` (`id`)
) ENGINE=InnoDB DEFAULT CHARSET=utf8mb4 COLLATE=utf8mb4_0900_ai_ci;
/*!40101 SET character_set_client = @saved_cs_client */;

--
-- Dumping data for table `azwh_accession_notes`
--

LOCK TABLES `azwh_accession_notes` WRITE;
/*!40000 ALTER TABLE `azwh_accession_notes` DISABLE KEYS */;
/*!40000 ALTER TABLE `azwh_accession_notes` ENABLE KEYS */;
UNLOCK TABLES;

--
-- Table structure for table `azwh_accessions`
--

DROP TABLE IF EXISTS `azwh_accessions`;
/*!40101 SET @saved_cs_client     = @@character_set_client */;
 SET character_set_client = utf8mb4 ;
CREATE TABLE `azwh_accessions` (
  `id` int(10) NOT NULL AUTO_INCREMENT,
  `create_ts` timestamp NULL DEFAULT NULL,
  `last_modified_ts` timestamp NULL DEFAULT NULL,
  `accession_number` varchar(50) DEFAULT NULL,
  `date_admitted` date DEFAULT NULL,
  `time_admitted` time DEFAULT NULL,
  `patient_id` int(10) DEFAULT '0',
  `rescuer_id` int(10) DEFAULT '0',
  `admitter_id` int(10) DEFAULT '0',
  `admitter_signoff` enum('Y','N','') DEFAULT '',
  `can_call_admitter` enum('Y','N','') DEFAULT '',
  `registered_wildlife_carer` enum('Y','N','') DEFAULT '',
  `interested_in_becoming_carer` enum('Y','N','NA','') DEFAULT '',
  `transferred` enum('Y','N','') DEFAULT '',
  `transfer_facility_id` int(11) DEFAULT '0',
  `rescue_location` varchar(255) DEFAULT '',
  `rescue_suburb_id` int(11) DEFAULT '0',
  `rescue_jurisdiction_id` int(11) DEFAULT '0',
  `rescue_situation` varchar(255) DEFAULT '',
  `rescue_reason` varchar(255) DEFAULT '',
  `accession_reason_id` int(11) DEFAULT '0',
  `time_in_captivity` varchar(255) DEFAULT '',
  `cause_of_affliction_id` varchar(50) DEFAULT '0',
  `diagnosis_category_id` varchar(50) DEFAULT '0',
  `diagnosis_anatomical_ids` varchar(50) DEFAULT '',
  `diagnosis_aetiological_ids` varchar(50) DEFAULT '',
  `updated_anatomical_ids` varchar(50) DEFAULT '',
  `updated_aetiological_ids` varchar(50) DEFAULT '',
  `updated_status_id` int(11) DEFAULT '0',
  `updated_date` date DEFAULT NULL,
  `fed_medicated` enum('Y','N') DEFAULT 'N',
  `fed_what` varchar(255) DEFAULT '',
  `fed_when` varchar(255) DEFAULT '',
  `accession_entered_by_id` int(11) DEFAULT '0',
  `date_admit_mth` int(2) DEFAULT NULL,
  `date_admit_yr` int(4) DEFAULT NULL,
  PRIMARY KEY (`id`),
  KEY `patient_id` (`patient_id`),
  KEY `rescuer_id` (`rescuer_id`),
  KEY `rescue_suburb_id` (`rescue_suburb_id`),
  KEY `rescue_jurisdiction_id` (`rescue_jurisdiction_id`),
  KEY `acc_date` (`date_admitted`) USING BTREE,
  KEY `add_date_mth` (`date_admit_mth`) USING BTREE,
  KEY `add_date_yr` (`date_admit_yr`) USING BTREE,
  CONSTRAINT `azwh_accessions_ibfk_1` FOREIGN KEY (`patient_id`) REFERENCES `azwh_patients` (`id`),
  CONSTRAINT `azwh_accessions_ibfk_2` FOREIGN KEY (`rescuer_id`) REFERENCES `azwh_contacts` (`id`),
  CONSTRAINT `azwh_accessions_ibfk_3` FOREIGN KEY (`rescue_suburb_id`) REFERENCES `azwh_suburbs` (`id`),
  CONSTRAINT `azwh_accessions_ibfk_4` FOREIGN KEY (`rescue_jurisdiction_id`) REFERENCES `azwh_jurisdictions` (`id`)
) ENGINE=InnoDB AUTO_INCREMENT=148766 DEFAULT CHARSET=latin1;
/*!40101 SET character_set_client = @saved_cs_client */;

--
-- Dumping data for table `azwh_accessions`
--

LOCK TABLES `azwh_accessions` WRITE;
/*!40000 ALTER TABLE `azwh_accessions` DISABLE KEYS */;
INSERT INTO `azwh_accessions` VALUES (93233,'2013-09-11 04:35:24','2013-09-11 04:35:24','49119','2019-09-10','16:00:00',93189,15075,5687,'Y',NULL,NULL,NULL,'N',0,NULL,1521,67,'Other','No info collected by vet',17,NULL,'#19#','#1#','#6#11#','#11-77#6-109#',NULL,NULL,NULL,NULL,'N',NULL,NULL,11,9,2019),(147778,'2018-01-04 23:38:00','2018-01-04 23:51:59','76236','2018-01-03','00:00:00',148518,33528,33528,'Y',NULL,NULL,NULL,'N',0,'Palmview area',1847,99,'On ground',NULL,1,NULL,'#47#','#1#','#9#','#9-225#',NULL,NULL,NULL,NULL,NULL,NULL,NULL,5,1,2018),(147804,'2018-01-06 00:13:47','2018-01-06 00:13:47','76201','2018-01-01','00:00:00',148544,33538,33538,'N',NULL,NULL,NULL,'N',0,'66 George St Moffat Beach',1467,99,'On ground',NULL,1,NULL,'#7#','#1#','#8#','#8-211#',NULL,NULL,NULL,NULL,NULL,NULL,NULL,5,1,2018),(147806,'2018-01-06 00:25:06','2018-01-06 00:25:06','75982','2018-01-01','00:00:00',148550,15075,28548,'N',NULL,NULL,NULL,'N',0,'2147 Steve Irwin Way',141,99,'On ground',NULL,1,NULL,'#5#','#1#','#8#','#8-211#',NULL,NULL,NULL,NULL,NULL,NULL,NULL,5,1,2018),(147812,'2018-01-06 00:34:10','2018-01-06 00:34:10','76177','2018-01-01','00:00:00',148556,33540,33540,'N',NULL,NULL,NULL,'N',0,'17 Neurum Road',2637,99,'In house',NULL,1,NULL,'#55#','#1#','#6#','#6-107#',NULL,NULL,NULL,NULL,NULL,NULL,NULL,5,1,2018),(147814,'2018-01-06 00:36:57','2018-01-06 00:36:57','76186','2018-01-01','00:00:00',148558,1313,1313,'N',NULL,NULL,NULL,'N',0,'226 Nambour Mapleton Road',1709,99,'In house',NULL,1,NULL,'#5#','#1#11#','#8#','#8-205#',NULL,NULL,NULL,NULL,NULL,NULL,NULL,5,1,2018),(147816,'2018-01-06 00:38:35','2018-01-06 00:38:35','76185','2018-01-01','00:00:00',148560,1313,1313,'N',NULL,NULL,NULL,'N',0,'226 Nambour Mapleton Road',1709,99,'In house',NULL,1,NULL,'#5#','#1#11#','#8#','#8-205#',NULL,NULL,NULL,NULL,NULL,NULL,NULL,5,1,2018),(147818,'2018-01-06 00:40:20','2018-01-06 00:40:20','76183','2018-01-01','00:00:00',148562,15593,15593,'N',NULL,NULL,NULL,'N',0,'50 Alex Road',1563,67,'In gutter',NULL,1,NULL,'#33#','#3#','#8#11#','#11-45#8-179#',NULL,NULL,NULL,NULL,NULL,NULL,NULL,5,1,2018),(147820,'2018-01-06 00:43:35','2018-01-06 00:43:35','75983','2018-01-01','00:00:00',148564,15075,28548,'N',NULL,NULL,NULL,'N',0,'2147 Steve Irwin Way',141,99,'On ground',NULL,1,NULL,'#11#33#','#1#','#6#9#','#9-225#6-93#9-243#',NULL,NULL,NULL,NULL,NULL,NULL,NULL,5,1,2018),(147822,'2018-01-06 00:46:18','2018-01-06 00:46:18','76189','2018-01-01','00:00:00',148566,30256,30256,'N',NULL,NULL,NULL,'N',0,'Buderim',313,99,'On road',NULL,1,NULL,'#19#','#1#','#11#','#11-77#',NULL,NULL,NULL,NULL,NULL,NULL,NULL,5,1,2018),(147824,'2018-01-06 00:48:01','2018-01-06 00:48:01','76191','2018-01-01','00:00:00',148568,15301,15301,'N',NULL,NULL,NULL,'N',0,'296 Pikes Road',877,99,'Base of tree',NULL,1,NULL,'#11#','#1#','#6#','#6-93#',NULL,NULL,NULL,NULL,NULL,NULL,NULL,5,1,2018),(147826,'2018-01-06 00:49:56','2018-01-06 00:49:56','75981','2018-01-01','00:00:00',148570,15075,28548,'N',NULL,NULL,NULL,'N',0,'4/33 Walan St',1495,99,'On ground',NULL,1,NULL,'#19#','#1#','#6#','#6-89#',NULL,NULL,NULL,NULL,NULL,NULL,NULL,5,1,2018),(147828,'2018-01-06 00:51:36','2018-01-06 00:51:36','75984','2018-01-01','00:00:00',148572,15075,28548,'N',NULL,NULL,NULL,'N',0,'Gympie Camp Ground',969,47,'On ground',NULL,1,NULL,'#19#','#1#','#6#','#6-109#',NULL,NULL,NULL,NULL,NULL,NULL,NULL,5,1,2018),(147830,'2018-01-06 00:53:25','2018-01-06 00:53:25','76188','2018-01-01','00:00:00',148574,30256,30256,'N',NULL,NULL,NULL,'N',0,'tanawha ',2237,99,'On ground',NULL,1,NULL,'#29#','#7#','#14#','#14-149#',NULL,NULL,NULL,NULL,NULL,NULL,NULL,5,1,2018),(147832,'2018-01-06 00:56:17','2018-01-06 00:56:17','76184','2018-01-01','00:00:00',148576,6195,6195,'N',NULL,NULL,NULL,'N',0,'12 Station Street',665,15,'On ground',NULL,1,NULL,'#33#','#3#','#5#9#','#9-225#5-189#',NULL,NULL,NULL,NULL,NULL,NULL,NULL,5,1,2018),(147834,'2018-01-06 00:58:52','2018-01-06 00:58:52','76199','2018-01-01','00:00:00',148578,3757,3757,'N',NULL,NULL,NULL,'N',0,'2565 Old Gympie Road',141,99,'On ground',NULL,1,NULL,'#19#','#1#','#6#','#6-107#',NULL,NULL,NULL,NULL,NULL,NULL,NULL,5,1,2018),(147836,'2018-01-06 01:01:49','2018-01-06 01:01:49','76202','2018-01-01','00:00:00',148580,31146,31146,'N',NULL,NULL,NULL,'N',0,'9 Wharf Road',205,99,'Base of tree',NULL,1,NULL,'#43#','#11#','#14#','#14-163#',NULL,NULL,NULL,NULL,NULL,NULL,NULL,5,1,2018),(147838,'2018-01-06 01:05:22','2018-01-06 01:05:22','76181','2018-01-01','00:00:00',148582,31964,15303,'N',NULL,NULL,NULL,'N',0,'15 Saleng Cres',2465,99,'On ground',NULL,1,NULL,NULL,NULL,NULL,NULL,NULL,NULL,NULL,NULL,NULL,NULL,NULL,5,1,2018),(147840,'2018-01-06 01:30:35','2018-01-06 01:30:35','76200','2018-01-01','00:00:00',148584,31964,3687,'N',NULL,NULL,NULL,'N',0,'Nambour',1709,99,'On ground',NULL,1,NULL,'#59#','#1#','#6#9#','#9-225#6-205#6-207#',NULL,NULL,NULL,NULL,NULL,NULL,NULL,5,1,2018),(147842,'2018-01-06 01:33:12','2018-01-06 01:33:12','76182','2018-01-01','00:00:00',148586,23387,23387,'N',NULL,NULL,NULL,'N',0,'Steve Irwin Way',141,99,'On road',NULL,1,NULL,'#19#','#1#','#6#','#6-107#',NULL,NULL,NULL,NULL,NULL,NULL,NULL,5,1,2018),(147844,'2018-01-06 01:35:01','2018-01-06 01:35:01','76198','2018-01-01','00:00:00',148588,12855,12855,'N',NULL,NULL,NULL,'N',0,'Woorim Beach',2599,67,'Other',NULL,1,NULL,'#43#59#','#1#','#6#8#','#6-89#8-205#',NULL,NULL,NULL,NULL,NULL,NULL,NULL,5,1,2018),(147846,'2018-01-06 01:37:12','2018-01-06 01:37:12','76197','2018-01-01','00:00:00',148590,15075,28750,'N',NULL,NULL,NULL,'N',0,'30 Oxford Close',2103,99,'On road',NULL,1,NULL,'#19#','#1#','#3#6#','#6-89#3-233#',NULL,NULL,NULL,NULL,NULL,NULL,NULL,5,1,2018),(147850,'2018-01-06 01:50:11','2018-01-06 01:50:11','76196','2018-01-01','00:00:00',148594,26442,26442,'N',NULL,NULL,NULL,'N',0,'Caboolture Camp Ground',377,67,'On ground',NULL,11,NULL,'#29#','#7#','#14#','#14-149#',NULL,NULL,NULL,NULL,NULL,NULL,NULL,5,1,2018),(147852,'2018-01-06 01:54:48','2018-01-06 01:54:48','76195','2018-01-01','00:00:00',148596,33118,33118,'N',NULL,NULL,NULL,'N',0,'Kilcoy',1173,93,'In tree',NULL,1,NULL,'#29#','#7#','#14#','#14-149#',NULL,NULL,NULL,NULL,NULL,NULL,NULL,5,1,2018),(147854,'2018-01-06 01:59:00','2018-01-06 01:59:00','76190','2018-01-01','00:00:00',148598,899,899,'N',NULL,NULL,NULL,'N',0,'245 Bartholomew Road',771,67,'Other',NULL,1,NULL,'#29#','#7#','#14#','#14-149#',NULL,NULL,NULL,NULL,NULL,NULL,NULL,5,1,2018),(147858,'2018-01-06 02:27:16','2018-01-06 02:27:16','76194','2018-01-01','00:00:00',148602,899,899,'N',NULL,NULL,NULL,'N',0,'245 Bartholomew Rad',771,67,'Other',NULL,1,NULL,'#29#','#7#','#14#','#14-149#',NULL,NULL,NULL,NULL,NULL,NULL,NULL,5,1,2018),(147862,'2018-01-06 02:30:28','2018-01-06 02:30:28','76192','2018-01-01','00:00:00',148606,33544,33544,'N',NULL,NULL,NULL,'N',0,'48 Caboolture River Road',1521,67,'On ground',NULL,1,NULL,'#19#','#1#','#6#','#6-109#',NULL,NULL,NULL,NULL,NULL,NULL,NULL,5,1,2018),(147866,'2018-01-06 02:32:11','2018-01-06 02:32:11','76193','2018-01-01','00:00:00',148610,31964,32196,'N',NULL,NULL,NULL,'N',0,'37 Olway Cres',21,99,'In pool',NULL,1,NULL,'#9#59#','#1#','#6#','#6-89#',NULL,NULL,NULL,NULL,NULL,NULL,NULL,5,1,2018),(147868,'2018-01-06 02:34:48','2018-01-06 02:34:48','76215','2018-01-02','00:00:00',148612,21149,24685,'N',NULL,NULL,NULL,'N',0,'Kilcoy',1173,93,'On ground',NULL,1,NULL,'#29#','#7#9#','#14#','#14-149#',NULL,NULL,NULL,NULL,NULL,NULL,NULL,5,1,2018),(147874,'2018-01-06 02:39:13','2018-01-06 02:39:28','76223','2018-01-02','00:00:00',148618,31964,3687,'N',NULL,NULL,NULL,'N',0,'9 Bangalow Close',1847,99,'On fence',NULL,1,NULL,'#33#','#3#','#9#11#','#11-49#9-225#',NULL,NULL,NULL,NULL,NULL,NULL,NULL,5,1,2018),(147876,'2018-01-06 02:45:26','2018-01-06 02:45:26','76217','2018-01-02','00:00:00',148620,33546,33546,'N',NULL,NULL,NULL,'N',0,'Off Display Otter Exhibit',141,99,'Pets mouth',NULL,1,NULL,'#43#','#1#','#6#8#','#6-105#8-205#',NULL,NULL,NULL,NULL,NULL,NULL,NULL,5,1,2018),(147878,'2018-01-06 02:48:50','2018-01-06 02:48:50','76227','2018-01-02','00:00:00',148622,32730,32730,'N',NULL,NULL,NULL,'N',0,'Ipswich Boonah Road',1945,91,'On ground',NULL,1,NULL,'#29#','#5#','#9#','#9-73#',NULL,NULL,NULL,NULL,NULL,NULL,NULL,5,1,2018),(147882,'2018-01-06 02:52:07','2018-01-06 02:52:07','76222','2018-01-02','00:00:00',148626,4121,4121,'N',NULL,NULL,NULL,'N',0,'Springburn Drive',877,99,'Base of tree',NULL,1,NULL,'#5#','#1#','#6#8#','#6,8-205#',NULL,NULL,NULL,NULL,NULL,NULL,NULL,5,1,2018),(147884,'2018-01-06 02:55:11','2018-01-06 02:55:11','75985','2018-01-02','00:00:00',148628,15075,28548,'N',NULL,NULL,NULL,'N',0,'2 Lawson St',899,99,'On ground',NULL,1,NULL,'#47#','#9#','#14#','#14-149#',NULL,NULL,NULL,NULL,NULL,NULL,NULL,5,1,2018),(147886,'2018-01-06 02:59:06','2018-01-06 02:59:06','75988','2018-01-02','00:00:00',148630,15075,16625,'N',NULL,NULL,NULL,'N',0,'17 Bellay Road',129,67,'On ground',NULL,1,NULL,'#47#','#9#','#14#','#14-149#',NULL,NULL,NULL,NULL,NULL,NULL,NULL,5,1,2018),(147890,'2018-01-06 03:01:28','2018-01-06 03:01:28','76221','2018-01-02','00:00:00',148634,30320,30320,'N',NULL,NULL,NULL,'N',0,'3 Mari Street',21,99,'Other',NULL,1,NULL,'#29#','#7#9#','#14#','#14-149#',NULL,NULL,NULL,NULL,NULL,NULL,NULL,5,1,2018),(147892,'2018-01-06 03:03:56','2018-01-06 03:03:56','75986','2018-01-02','00:00:00',148636,15075,16625,'N',NULL,NULL,NULL,'N',0,'200 Pelican Waters Blvd',1873,99,'On ground',NULL,1,NULL,'#19#','#1#','#3#','#3-233#',NULL,NULL,NULL,NULL,NULL,NULL,NULL,5,1,2018),(147896,'2018-01-06 03:06:09','2018-01-06 03:06:09','76216','2018-01-02','00:00:00',148640,24455,24455,'N',NULL,NULL,NULL,'N',0,'Garden Scape  Oakey Flat Road',1521,67,'Other',NULL,1,NULL,'#57#','#1#','#8#11#','#11-45#8-205#',NULL,NULL,NULL,NULL,NULL,NULL,NULL,5,1,2018),(147898,'2018-01-06 03:08:53','2018-01-06 03:08:53','76218','2018-01-02','00:00:00',148642,33118,33118,'N',NULL,NULL,NULL,'N',0,'Kilcoy',1173,93,'Base of tree',NULL,1,NULL,'#31#','#9#','#14#','#14-149#',NULL,NULL,NULL,NULL,NULL,NULL,NULL,5,1,2018),(147902,'2018-01-06 03:11:14','2018-01-06 03:11:14','76219','2018-01-02','00:00:00',148646,11287,11287,'N',NULL,NULL,NULL,'N',0,'28 Newells Road',141,99,'On ground',NULL,1,NULL,'#7#55#','#1#','#7#','#7-211#',NULL,NULL,NULL,NULL,NULL,NULL,NULL,5,1,2018),(147904,'2018-01-06 03:16:09','2018-01-06 03:16:09','76220','2018-01-02','00:00:00',148648,15073,20919,'N',NULL,NULL,NULL,'N',0,'Dingo Enclosure',141,99,'On ground',NULL,1,NULL,'#43#','#1#','#6#','#6-93#',NULL,NULL,NULL,NULL,NULL,NULL,NULL,5,1,2018),(147906,'2018-01-06 03:19:16','2018-01-06 03:19:16','76224','2018-01-02','00:00:00',148650,33554,33554,'N',NULL,NULL,NULL,'N',0,'Long Tan Dve / Flowers Rd',377,67,'On road',NULL,1,NULL,'#19#','#1#','#3#6#','#6-109#3-233#',NULL,NULL,NULL,NULL,NULL,NULL,NULL,5,1,2018),(147908,'2018-01-06 03:21:51','2018-01-06 03:21:51','76205','2018-01-02','00:00:00',148652,33556,33556,'N',NULL,NULL,NULL,'N',0,'Oval Ave',387,99,'In gutter',NULL,1,NULL,'#7#','#1#','#5#6#8#','#6-107#5-183#8-205#',NULL,NULL,NULL,NULL,NULL,NULL,NULL,5,1,2018),(147912,'2018-01-06 03:27:49','2018-01-06 03:27:49','76206','2018-01-02','00:00:00',148656,33118,33118,'N',NULL,NULL,NULL,'N',0,'Kilcoy',1173,93,'Base of tree',NULL,1,NULL,'#29#33#','#3#','#5#9#','#9-225#5-183#',NULL,NULL,NULL,NULL,NULL,NULL,NULL,5,1,2018),(147914,'2018-01-06 03:31:05','2018-01-06 03:31:05','76207','2018-01-02','00:00:00',148658,33118,33118,'N',NULL,NULL,NULL,'N',0,'Kilcoy',1173,93,'On ground',NULL,1,NULL,'#29#33#','#3#','#5#9#','#9-225#5-183#',NULL,NULL,NULL,NULL,NULL,NULL,NULL,5,1,2018),(147918,'2018-01-06 03:33:43','2018-01-06 03:33:43','75987','2018-01-02','00:00:00',148662,15075,28548,'N',NULL,NULL,NULL,'N',0,'7 Montrose St',141,99,'In pool',NULL,1,NULL,'#9#59#','#1#','#6#','#6-109#',NULL,NULL,NULL,NULL,NULL,NULL,NULL,5,1,2018),(147920,'2018-01-06 03:36:29','2018-01-06 03:36:29','76213','2018-01-02','00:00:00',148664,33560,33560,'N',NULL,NULL,NULL,'N',0,'388 Brandenburg Rd',93,99,'On ground',NULL,1,NULL,'#57#','#1#','#6#','#6-105#',NULL,NULL,NULL,NULL,NULL,NULL,NULL,5,1,2018),(147922,'2018-01-06 03:39:01','2018-01-06 03:39:01','76214','2018-01-02','00:00:00',148666,33562,33562,'N',NULL,NULL,NULL,'N',0,'Bella Grace Kindergarten',141,99,'On road',NULL,1,NULL,'#19#','#1#','#5#6#','#6-93#5-251#',NULL,NULL,NULL,NULL,NULL,NULL,NULL,5,1,2018),(147924,'2018-01-06 03:41:11','2018-01-06 03:41:11','76208','2018-01-02','00:00:00',148668,33564,33564,'N',NULL,NULL,NULL,'N',0,'Tunnel Ridge Road',141,99,'On road',NULL,1,NULL,'#19#','#1#','#7#','#7-211#',NULL,NULL,NULL,NULL,NULL,NULL,NULL,5,1,2018),(147926,'2018-01-06 03:43:47','2018-01-06 03:43:47','76210','2018-01-02','00:00:00',148670,4329,4329,'N',NULL,NULL,NULL,'N',0,'tanawha vets',2237,99,'On ground',NULL,1,NULL,'#5#','#1#','#3#6#11#','#11-45#3-233#6-205#',NULL,NULL,NULL,NULL,NULL,NULL,NULL,5,1,2018),(147928,'2018-01-06 04:16:47','2018-01-06 04:16:47','76258','2018-01-04','00:00:00',148672,33566,33566,'N',NULL,NULL,NULL,'N',0,'Burnett St',313,99,'On road',NULL,1,NULL,'#19#','#1#','#14#','#14-149#',NULL,NULL,NULL,NULL,NULL,NULL,NULL,5,1,2018),(147930,'2018-01-06 04:22:38','2018-01-06 04:22:38','76249','2018-01-04','00:00:00',148674,21323,21323,'N',NULL,NULL,NULL,'N',0,'River Heads',1007,39,'On road',NULL,1,NULL,'#7#','#1#','#6#8#','#6-97#8-163#',NULL,NULL,NULL,NULL,NULL,NULL,NULL,5,1,2018),(147932,'2018-01-06 04:27:11','2018-01-06 04:27:11','76247','2018-01-04','00:00:00',148676,21323,21323,'N',NULL,NULL,NULL,'N',0,'Teddington Rd',2305,39,'On road',NULL,1,NULL,'#19#','#1#','#3#9#11#12#','#12-11#9-225#11-263#3-233#9-163#',NULL,NULL,NULL,NULL,NULL,NULL,NULL,5,1,2018),(147934,'2018-01-06 04:31:04','2018-01-06 04:31:04','76256','2018-01-04','00:00:00',148678,28294,28294,'N',NULL,NULL,NULL,'N',0,'Dicky Beach',679,99,'On ground',NULL,1,NULL,'#33#','#3#','#8#','#8-219#',NULL,NULL,NULL,NULL,NULL,NULL,NULL,5,1,2018),(147938,'2018-01-06 04:36:09','2018-01-06 04:36:09','76253','2018-01-04','00:00:00',148682,20381,20381,'N',NULL,NULL,NULL,'N',0,'118 Narrow Leaf  Rd',7,43,'On ground',NULL,1,NULL,'#29#','#3#','#11#','#11-77#',NULL,NULL,NULL,NULL,NULL,NULL,NULL,5,1,2018),(147940,'2018-01-06 04:40:20','2018-01-06 04:40:20','76243','2018-01-04','00:00:00',148684,655,655,'N',NULL,NULL,NULL,'N',0,'BP Service Centre North Bound',377,67,'In gutter',NULL,1,NULL,NULL,NULL,NULL,NULL,NULL,NULL,NULL,NULL,NULL,NULL,NULL,5,1,2018),(147942,'2018-01-06 04:43:03','2018-01-06 04:43:03','76245','2018-01-04','00:00:00',148686,33570,33570,'N',NULL,NULL,NULL,'N',0,'Milen Crt',573,99,'On ground',NULL,1,NULL,'#43#','#1#3#','#9#11#','#9-225#11-77#',NULL,NULL,NULL,NULL,NULL,NULL,NULL,5,1,2018),(147946,'2018-01-06 04:44:46','2018-01-06 04:44:46','76251','2018-01-04','00:00:00',148690,20381,20381,'N',NULL,NULL,NULL,'N',0,'118 Narrow Leaf  Rd',7,43,'On ground',NULL,1,NULL,'#29#','#3#7#','#6#8#12#','#8-65#6-163#12-203#',NULL,NULL,NULL,NULL,NULL,NULL,NULL,5,1,2018),(147950,'2018-01-06 04:51:09','2018-01-06 04:51:09','76252','2018-01-04','00:00:00',148694,20381,20381,'N',NULL,NULL,NULL,'N',0,'118 Narrow Leaf  Rd',7,43,'On ground',NULL,1,NULL,'#29#','#3#','#8#','#8-65#',NULL,NULL,NULL,NULL,NULL,NULL,NULL,5,1,2018),(147952,'2018-01-06 04:54:31','2018-01-06 04:54:31','76244','2018-01-04','00:00:00',148696,26046,26046,'N',NULL,NULL,NULL,'N',0,'nambour',1709,99,'On ground',NULL,1,NULL,'#29#','#7#','#14#','#14-149#',NULL,NULL,NULL,NULL,NULL,NULL,NULL,5,1,2018),(147954,'2018-01-06 04:57:09','2018-01-06 04:57:09','76242','2018-01-04','00:00:00',148698,31964,29792,'N',NULL,NULL,NULL,'N',0,'Couty Road',2461,67,'On road',NULL,1,NULL,'#19#','#1#','#6#7#11#','#11-77#6-91#7-251#7-205#',NULL,NULL,NULL,NULL,NULL,NULL,NULL,5,1,2018),(147964,'2018-01-06 05:21:55','2018-01-06 05:21:55','76238','2018-01-03','00:00:00',148708,31964,3687,'N',NULL,NULL,NULL,'N',0,'Poinsetta Ave (Fish n chip shop)',1495,99,'In gutter',NULL,1,NULL,'#29#','#7#','#12#','#12-173#',NULL,NULL,NULL,NULL,NULL,NULL,NULL,5,1,2018),(147966,'2018-01-06 05:25:26','2018-01-06 05:25:26','76239','2018-01-03','00:00:00',148710,33576,33576,'N',NULL,NULL,NULL,'N',0,'52-56 Shaun Parade',771,67,'On ground',NULL,1,NULL,'#33#','#3#','#8#9#','#9-225#8-219#',NULL,NULL,NULL,NULL,NULL,NULL,NULL,5,1,2018),(147968,'2018-01-06 05:27:55','2018-01-06 05:27:55','75995','2018-01-03','00:00:00',148712,15075,16625,'N',NULL,NULL,NULL,'N',0,'12 Starling Crt',1719,67,'On ground',NULL,1,NULL,'#31#','#1#','#6#8#','#6-89#6-101#8-163#',NULL,NULL,NULL,NULL,NULL,NULL,NULL,5,1,2018),(147970,'2018-01-06 05:31:27','2018-01-06 05:31:27','76240','2018-01-03','00:00:00',148714,33578,33578,'N',NULL,NULL,NULL,'N',0,'22 Aleiyan St',377,67,'On ground',NULL,1,NULL,'#59#','#9#','#14#','#14-149#',NULL,NULL,NULL,NULL,NULL,NULL,NULL,5,1,2018),(147972,'2018-01-06 05:40:10','2018-01-06 05:40:10','75993','2018-01-03','00:00:00',148716,15075,16625,'N',NULL,NULL,NULL,'N',0,'11 Tattler Crt',2401,67,'On ground',NULL,1,NULL,'#29#','#7#','#6#9#','#6,9-163#',NULL,NULL,NULL,NULL,NULL,NULL,NULL,5,1,2018),(147976,'2018-01-06 05:44:14','2018-01-06 05:44:14','75990','2018-01-03','00:00:00',148720,15075,16625,'N',NULL,NULL,NULL,'N',0,'7 Bosun Place ',2611,99,'On ground',NULL,1,NULL,'#11#29#','#7#','#14#','#14-149#',NULL,NULL,NULL,NULL,NULL,NULL,NULL,5,1,2018),(147980,'2018-01-06 05:47:39','2018-01-06 05:47:39','76230','2018-01-03','00:00:00',148724,33582,33582,'N',NULL,NULL,NULL,'N',0,'94 Ilcens Road',1049,99,'On ground',NULL,1,NULL,'#33#','#1#3#','#6#8#12#','#6-95#12-219#',NULL,NULL,NULL,NULL,NULL,NULL,NULL,5,1,2018),(147982,'2018-01-06 05:50:50','2018-01-06 05:50:50','75994','2018-01-03','00:00:00',148726,15075,16625,'N',NULL,NULL,NULL,'N',0,'Kawana Link Nicklin Way',1495,99,'On road',NULL,1,NULL,'#19#','#1#','#5#6#12#','#6-95#6-103#5-163#12-251#',NULL,NULL,NULL,NULL,NULL,NULL,NULL,5,1,2018),(147984,'2018-01-06 05:53:46','2018-01-06 05:53:46','76231','2018-01-03','00:00:00',148728,6923,6923,'N',NULL,NULL,NULL,'N',0,'Ridge Road',1389,99,'On ground',NULL,1,NULL,'#19#','#1#','#3#6#','#6-105#6-107#3-233#',NULL,NULL,NULL,NULL,NULL,NULL,NULL,5,1,2018),(147986,'2018-01-06 05:56:03','2018-01-06 05:56:03','75992','2018-01-03','00:00:00',148730,15075,16625,'N',NULL,NULL,NULL,'N',0,'170 Morayfield Road',1521,67,'On ground',NULL,1,NULL,'#29#','#1#','#6#','#6-107#6-163#',NULL,NULL,NULL,NULL,NULL,NULL,NULL,5,1,2018),(147990,'2018-01-06 05:56:18','2018-01-06 05:56:18','76301','2018-01-06','10:30:00',148734,NULL,16625,'Y','Y','N','N','N',0,'170 Morayfield Road',1521,67,'Other','Orphaned',17,NULL,'#43#29#','#1#7#','#8#','#8-205#',NULL,NULL,NULL,NULL,'N',NULL,NULL,80,1,2018),(147992,'2018-01-06 05:58:37','2018-01-06 05:58:37','76234','2018-01-03','00:00:00',148736,33584,33584,'N',NULL,NULL,NULL,'N',0,'Glasshouse Forestry Rd',877,99,'On ground',NULL,1,NULL,'#19#','#1#','#6#','#6-89#6-95#6-101#',NULL,NULL,NULL,NULL,NULL,NULL,NULL,5,1,2018),(147996,'2018-01-06 06:01:06','2018-01-06 06:01:06','76233','2018-01-03','00:00:00',148740,28880,28880,'N',NULL,NULL,NULL,'N',0,'Western Ave',1483,99,'On ground',NULL,1,'65 days','#29#','#3#','#5#','#5-181#',NULL,NULL,NULL,NULL,NULL,NULL,NULL,5,1,2018),(147998,'2018-01-06 06:03:38','2018-01-06 06:03:38','76226','2018-01-03','00:00:00',148742,8665,8665,'N',NULL,NULL,NULL,'N',0,'8 Elsa Crt',1863,99,'On fence',NULL,1,NULL,'#13#','#1#','#8#','#8-205#',NULL,NULL,NULL,NULL,NULL,NULL,NULL,5,1,2018),(148000,'2018-01-06 06:06:43','2018-01-06 06:06:43','76235','2018-01-03','00:00:00',148744,33586,33586,'N',NULL,NULL,NULL,'N',0,'168 Bowen Road',877,99,'On ground',NULL,1,NULL,'#55#','#1#','#6#','#6-89#6-95#',NULL,NULL,NULL,NULL,NULL,NULL,NULL,5,1,2018),(148002,'2018-01-06 06:07:53','2018-01-06 06:07:53','76272','2018-01-05','12:00:00',148746,NULL,20697,'Y',NULL,NULL,NULL,'N',0,'450 McConnell Road',249,67,'Other','Possibly ingested oil',1,NULL,'#29#','#7#','#4#','#4-75#',NULL,NULL,NULL,NULL,'Y','cows milk, honey, mango, weetbix',NULL,80,1,2018),(148004,'2018-01-06 06:08:42','2018-01-06 06:08:42','76225','2018-01-03','00:00:00',148748,29176,29176,'N',NULL,NULL,NULL,'N',0,'Peachester Range',1863,99,'On road',NULL,1,NULL,'#19#','#9#','#14#','#14-149#',NULL,NULL,NULL,NULL,NULL,NULL,NULL,5,1,2018),(148006,'2018-01-06 06:10:28','2018-01-06 06:10:28','76229','2018-01-03','00:00:00',148750,33118,33118,'N',NULL,NULL,NULL,'N',0,'Kilcoy',1173,93,'On ground',NULL,1,NULL,'#59#','#1#','#6#','#6-97#',NULL,NULL,NULL,NULL,NULL,NULL,NULL,5,1,2018),(148008,'2018-01-06 06:12:14','2018-01-06 06:12:14','76212','2018-01-02','10:45:00',148752,3687,3687,'Y',NULL,'Y',NULL,'N',0,'no address given',141,99,'On ground','MOP rescued Buddy 4wks ago took him to his home in M\'Dore. Has tried to soft release but other resident crows attacked buddy',1,'4weeks','#29#','#1#','#8#','#8-205#',NULL,NULL,NULL,NULL,'Y',NULL,'3hrs ago',63,1,2018),(148010,'2018-01-06 06:13:47','2018-01-06 06:13:47','76271','2018-01-05','11:45:00',148754,15303,15303,'N','Y','Y','NA','N',0,'2/15 Ku Ring Gai Court',1219,99,'On ground','Unsure, limping gunky eye',1,'1hr','#19#','#1#','#6#7#','#6/7-211#',NULL,NULL,NULL,NULL,'Y','Water, bread','1hr ago',80,1,2018),(148012,'2018-01-06 06:14:52','2018-01-06 06:14:52','75991','2018-01-03','00:00:00',148756,15075,16625,'N',NULL,NULL,NULL,'N',0,'Tallowwood Dve',1219,99,'On ground',NULL,1,NULL,'#33#','#3#','#8#','#8-195#',NULL,NULL,NULL,NULL,NULL,NULL,NULL,5,1,2018),(148014,'2018-01-06 06:16:06','2018-01-06 06:16:06','76285','2018-01-06','07:30:00',148758,21877,21877,'Y','Y','Y','Y','N',0,'14 Coles St',51,67,'On ground','infection on the nose',1,'2mths','#29#','#3#7#','#5#','#5-1#',NULL,NULL,NULL,NULL,'Y','nilstat/augmentin','24hrs ago',63,1,2018),(148016,'2018-01-06 06:16:32','2018-01-06 06:16:32','75989','2018-01-03','00:00:00',148760,15075,16625,'N',NULL,NULL,NULL,'N',0,'Main St',1263,99,'On road',NULL,1,NULL,'#19#','#1#','#6#','#6-109#',NULL,NULL,NULL,NULL,NULL,NULL,NULL,5,1,2018),(148018,'2018-01-06 06:18:19','2018-01-06 06:18:19','76270','2018-01-05','00:00:00',148762,29792,29792,'N',NULL,NULL,NULL,'N',0,'6 Bluebush Avenue',313,99,'Other',NULL,1,'2 weeks','#61#','#3#','#8#','#8-119#',NULL,NULL,NULL,NULL,'Y','Wombaroo','3hrs ago',80,1,2018),(148020,'2018-01-06 06:19:27','2018-01-06 06:19:27','76232','2018-01-03','00:00:00',148764,21149,26708,'N',NULL,NULL,NULL,'N',0,'Avon Ave',109,67,'On ground',NULL,1,NULL,'#19#','#1#','#6#','#6-93#',NULL,NULL,NULL,NULL,NULL,NULL,NULL,5,1,2018),(148022,'2018-01-06 06:21:32','2018-01-06 06:21:32','76269','2018-01-05','11:00:00',148766,29792,29792,'N',NULL,NULL,NULL,'N',0,'6 Bluebush Avenue',313,99,'Other',NULL,1,'2 weeks','#61#','#3#','#4#8#','#8-119#',NULL,NULL,NULL,NULL,'Y','Wombaroo','4hrs ago',80,1,2018),(148030,'2018-01-06 06:32:12','2018-01-06 06:32:12','76287','2018-01-06','07:30:00',148774,21877,21877,'Y','Y','Y','Y','N',0,'10 Lookout Court',399,67,'On ground','From RSPCA. Low energy and poor appetite sleeps after meals',1,'1week','#29#','#3#','#12#','#12-173#',NULL,NULL,NULL,NULL,'Y','crickets ',NULL,63,1,2018),(148032,'2018-01-06 06:34:21','2018-01-06 06:34:21','76259','2018-01-05','00:30:00',148776,9183,9183,'Y',NULL,NULL,NULL,'N',0,'Bruce Highway near Caboolture exit',377,67,'On ground','Fell from tree',1,'30 mins','#29#','#7#','#14#','#14-149#',NULL,NULL,NULL,NULL,'N',NULL,NULL,80,1,2018),(148036,'2018-01-06 06:43:11','2018-01-06 06:43:11','76268','2018-01-05','11:00:00',148780,29792,29792,'Y',NULL,NULL,NULL,'N',0,'6 Bluebush Avenue',313,99,'Other',NULL,1,'2 weeks','#61#','#3#','#8#','#8-119#',NULL,NULL,NULL,NULL,'Y','Wombaroo','3hrs ago',80,1,2018),(148038,'2018-01-06 06:46:02','2018-01-06 06:46:02','76262','2018-01-05','08:00:00',148782,33588,33588,'Y',NULL,NULL,NULL,'N',0,'60 Firr Tail Court',1521,67,'On ground','dog attack',1,NULL,'#7#','#1#','#6#','#6-97#',NULL,NULL,NULL,NULL,NULL,NULL,NULL,63,1,2018),(148040,'2018-01-06 06:46:57','2018-01-06 06:46:57','76266','2018-01-05','10:00:00',148784,NULL,8665,'Y','Y','Y',NULL,'N',0,'Wildlife Sanctuary',1399,39,'On road',NULL,1,'8 months','#61#','#3#','#4#','#4-175#',NULL,NULL,NULL,NULL,'N',NULL,NULL,80,1,2018),(148044,'2018-01-06 06:53:27','2018-01-06 06:53:27','76264','2018-01-05','09:00:00',148788,NULL,29968,'Y',NULL,NULL,NULL,'N',0,'Recreational Park behind bowls club',877,99,'On ground',NULL,1,NULL,'#47#','#5#7#','#8#','#8-205#',NULL,NULL,NULL,NULL,NULL,NULL,NULL,80,1,2018),(148046,'2018-01-06 23:21:17','2018-01-06 23:21:17','75997','2018-01-05','12:30:00',148790,15075,16625,'Y',NULL,NULL,NULL,'N',0,'Somerset Dam',2109,93,'Other','pick up off water by boat couldn\'t fly wing injury?',17,NULL,'#59#','#5#','#8#','#8-163#',NULL,NULL,NULL,NULL,NULL,NULL,NULL,63,1,2018),(148048,'2018-01-06 23:27:57','2018-01-06 23:27:57','75998','2018-01-05','15:30:00',148792,15075,16625,'Y',NULL,NULL,NULL,'N',0,'149 Barsons Road',1483,99,'Other','dermatitis',17,NULL,'#33#','#3#','#8#','#8-65#8-193#',NULL,NULL,NULL,NULL,'N',NULL,NULL,63,1,2018),(148052,'2018-01-06 23:34:38','2018-01-06 23:34:38','76000','2018-01-06','10:00:00',148796,15075,16625,'Y',NULL,NULL,NULL,'N',0,'Retschlag Road',2067,93,'Other','hit house yesterday, has shown improvement since then',17,NULL,'#19#','#1#','#6#','#6-107#',NULL,NULL,NULL,NULL,'N',NULL,NULL,63,1,2018),(148056,'2018-01-06 23:45:48','2018-01-06 23:45:48','76275','2018-01-05','16:00:00',148800,33590,33590,'Y','N','N','N','N',0,'old Landsborough Road & Mont Street',141,99,'On road','Not sure . in middle of road',1,NULL,'#19#','#1#','#6#','#6-89#',NULL,NULL,NULL,NULL,NULL,NULL,NULL,63,1,2018),(148058,'2018-01-06 23:49:51','2018-01-06 23:49:51','76277','2018-01-05','18:15:00',148802,15303,15303,'Y','Y','Y',NULL,'N',0,'68 Beerburrum Street',679,99,'On ground','DOG ATTACKED',1,'5hours','#7#','#1#','#5#8#','#5-95#8-211#',NULL,NULL,NULL,NULL,'N',NULL,NULL,63,1,2018),(148060,'2018-01-06 23:56:59','2018-01-06 23:56:59','76279','2018-01-05','19:00:00',148804,4613,4613,'Y','Y','N','N','N',0,'Aspley Brisbane',75,15,'On road',NULL,1,NULL,'#19#','#7#','#5#','#5-251#',NULL,NULL,NULL,NULL,'Y','water','2hrs ago',63,1,2018),(148062,'2018-01-07 02:21:32','2018-01-07 02:21:32','76298','2018-01-07','10:15:00',148806,33592,33592,'Y','Y','N','NA','N',0,'Stumers Creek  ',575,99,'Other','following other people',1,NULL,'#29#','#7#','#14#',NULL,NULL,NULL,NULL,NULL,'N',NULL,NULL,63,1,2018),(148064,'2018-01-07 02:24:52','2018-01-07 02:24:52','76280','2018-01-05','21:30:00',148808,32750,32750,'Y','N','N','N','N',0,'2 Church Street',139,99,'Pets mouth','Cat attack',1,NULL,'#7#','#1#','#7#','#7-233#',NULL,NULL,NULL,NULL,'Y','water',NULL,63,1,2018),(148066,'2018-01-07 02:28:58','2018-01-07 02:28:58','76282','2018-01-06','07:30:00',148810,21877,21877,'Y','Y','Y','Y','N',0,'14 Coles Street',51,67,'On ground','orphan - good weight and eating but can\'t stand up',1,'3days','#29#','#7#','#6#','#6-59#',NULL,NULL,NULL,NULL,'Y','fed','1hr ago',63,1,2018),(148068,'2018-01-07 02:35:11','2018-01-07 02:35:11','76283','2018-01-06','07:30:00',148812,21877,21877,'Y','Y','Y','Y','N',0,'14 Coles Street',51,67,'On ground','sore leg and one eye shut. Eating well',1,'1week','#29#','#1#','#6#','#6-93#',NULL,NULL,NULL,NULL,'Y','Fed','1hr ago',63,1,2018),(148070,'2018-01-07 03:14:33','2018-01-07 03:14:33','76284','2018-01-06','07:45:00',148814,6195,6195,'Y',NULL,NULL,NULL,'N',0,'Chermside Shopping Centre',489,15,'On ground',NULL,1,'13hrs','#47#','#1#','#6#','#6-109#6-205#',NULL,NULL,NULL,NULL,'Y','Painstop',NULL,63,1,2018),(148072,'2018-01-07 04:01:35','2018-01-07 04:01:35','76286','2018-01-06','07:30:00',148816,21877,21877,'Y','Y','Y','Y','N',0,'14 Coles St',51,67,'On ground','was doing now sick',1,'2weeks','#29#','#3#','#3#','#3-153#',NULL,NULL,NULL,NULL,'Y','Fed','1hr ago',63,1,2018),(148074,'2018-01-07 04:06:21','2018-01-07 04:06:21','76288','2018-01-06','10:00:00',148818,33062,33062,'Y','Y','Y','NA','N',0,'200 Tanawha Road',2237,99,'On ground','fallen from roost or first flight',1,NULL,'#47#','#9#','#14#','#14-149#',NULL,NULL,NULL,NULL,'Y','blende mealworms','2hrs ago',63,1,2018),(148076,'2018-01-07 04:10:01','2018-01-07 04:10:01','76289','2018-01-06','13:45:00',148820,33594,33594,'Y','Y','N','Y','N',0,'89 Smiths Road',901,91,'On ground','It may have been poisoned overheated unwell',1,'5hours','#61#','#5#','#6#','#6-23#',NULL,NULL,NULL,NULL,'N',NULL,NULL,63,1,2018),(148078,'2018-01-07 04:37:24','2018-01-07 04:37:24','76290','2018-01-06','14:00:00',148822,27334,27334,'Y','Y','Y',NULL,'N',0,'behind football field',593,99,'On ground','I can not figure this one out',1,'30hrs','#29#','#1#7#','#6#','#6-93#',NULL,NULL,NULL,NULL,'Y','see attached sheet','4hrs ago',63,1,2018),(148080,'2018-01-07 04:54:12','2018-01-07 04:54:12','76291','2018-01-06','14:15:00',148824,33596,33596,'Y','Y',NULL,NULL,'N',0,'15 Appaloosa Close',377,67,'On ground','Parasite infestation(20+ ticks) maybe starvation',1,'1.5days','#33#','#1#3#','#6#8#','#6-97#8-205#',NULL,NULL,NULL,NULL,'Y','earthworms',NULL,63,1,2018),(148082,'2018-01-07 05:09:00','2018-01-07 05:09:00','76292','2018-01-06','14:45:00',148826,3687,3687,'Y','Y','Y',NULL,'N',0,'Douglas St',1709,99,'On ground','attack by cat',1,NULL,'#5#','#1#','#7#',NULL,NULL,NULL,NULL,NULL,NULL,NULL,NULL,63,1,2018),(148084,'2018-01-07 05:12:37','2018-01-07 05:12:37','76293','2018-01-06','15:00:00',148828,33598,33598,'Y',NULL,NULL,NULL,'N',0,'8 Dorian Cres',2103,99,'On ground','maybe a cat',1,NULL,'#5#','#1#','#7#',NULL,NULL,NULL,NULL,NULL,'N',NULL,NULL,63,1,2018),(148086,'2018-01-07 05:16:37','2018-01-07 05:16:37','76296','2018-01-06','23:15:00',148830,31370,31370,'Y',NULL,NULL,NULL,'N',0,'Third Ave',211,67,'On ground',NULL,1,'2h','#19#','#1#','#6#','#6-263#6-107#',NULL,NULL,NULL,NULL,'N',NULL,NULL,63,1,2018),(148088,'2018-01-07 05:23:38','2018-01-07 05:23:38','76302','2018-01-06','10:30:00',148832,15075,16625,'Y',NULL,NULL,NULL,'N',0,'21 Kevin Close',377,67,'On ground','found on the ground',17,NULL,'#19#','#1#','#6#','#6-87#',NULL,NULL,NULL,NULL,'Y','Polyaid syringed',NULL,63,1,2018),(148090,'2018-01-07 05:34:29','2018-01-07 05:34:29','76303','2018-01-06','00:00:00',148834,15075,16625,'Y',NULL,NULL,NULL,'N',0,'11 Jan Court',377,67,'On ground','Dog attack',17,NULL,'#7#','#1#','#6#','#6-107#',NULL,NULL,NULL,NULL,'N',NULL,NULL,63,1,2018),(148092,'2018-01-07 05:38:13','2018-01-07 05:38:13','76304','2018-01-06','10:30:00',148836,15075,16625,'Y',NULL,NULL,NULL,'N',0,'Sippy Creek Animal Refuge',2237,99,'On ground','crushing injury? one eye and opposing leg',17,NULL,'#33#','#1#','#3#6#11#','#11-77#3-233#8-205#',NULL,NULL,NULL,NULL,'N',NULL,NULL,63,1,2018),(148094,'2018-01-07 05:50:10','2018-01-07 05:50:10','76294','2018-01-06','06:00:00',148838,33600,33600,'Y','Y','N','N','N',0,'23 Arcadia Drive',141,99,'Other',NULL,1,'30mins','#47#21#','#9#','#14#','#14-149#',NULL,NULL,NULL,NULL,'N',NULL,NULL,63,1,2018),(148096,'2018-01-07 06:13:44','2018-01-07 06:13:44','76246','2018-01-04','00:00:00',148840,1021,1021,'Y',NULL,NULL,NULL,'N',0,'2 Blackall Terrace',1709,99,'Other',NULL,1,NULL,'#11#','#1#','#5#','#5-251#',NULL,NULL,NULL,NULL,NULL,NULL,NULL,63,1,2018),(148098,'2018-01-07 06:26:54','2018-01-07 06:26:54','76265','2018-01-05','09:15:00',148842,33602,33602,'Y','Y','N',NULL,'N',0,'Moloolah - private address',1503,99,'On ground','not sure',1,'1day','#47#','#1#','#6#','#6-93#',NULL,NULL,NULL,NULL,'N',NULL,NULL,63,1,2018),(148100,'2018-01-07 06:30:50','2018-01-07 06:30:50','76273','2018-01-05','00:00:00',148844,12925,12925,'Y','Y','Y','NA','N',0,'16196 Bunya Hwy',1695,95,'Other','in care / orphan',1,'4months','#29#','#3#','#4#','#4-229#',NULL,NULL,NULL,NULL,'Y','0.7 wombaroo, panadol, loxicon, key injection',NULL,63,1,2018),(148106,'2018-01-07 06:50:51','2018-01-07 06:50:51','76187','2018-01-01','12:00:00',148850,30256,30256,'Y','Y','Y','NA','N',0,'Aussie World Golf Course',1847,99,'On ground',NULL,1,'1.5hours','#29#','#7#','#14#','#14-149#',NULL,NULL,NULL,NULL,'Y',NULL,NULL,63,1,2018),(148108,'2018-01-07 06:59:43','2018-01-07 06:59:43','76178','2018-01-01','06:30:00',148852,23307,23307,'Y','Y','N','N','N',0,'10 Fairy Wren Court',141,99,'On ground','fell out of nest',1,NULL,'#29#','#7#','#14#','#14-149#',NULL,NULL,NULL,NULL,'N',NULL,NULL,63,1,2018),(148110,'2018-01-08 04:16:51','2018-01-08 04:16:51','76371','2018-01-08','11:00:00',148854,30268,30268,'N','Y','Y',NULL,'N',0,'Unknown',1909,57,'Other','Fell off mum when roller door opened - orphaned',1,'14 days','#29#','#7#','#4#','#4-121#',NULL,NULL,NULL,NULL,'Y','Biolac milk','4hrs ago',63,1,2018),(148112,'2018-01-08 04:27:57','2018-01-08 04:27:57','76359','2018-01-07','17:45:00',148856,33606,33606,'N','Y','N','N','N',0,'\"Canberra Heights\" rear entrance',1185,99,'Other','Fell out of nest.',1,NULL,'#29#','#7#9#','#14#','#14-149#',NULL,NULL,NULL,NULL,'N',NULL,NULL,63,1,2018),(148114,'2018-01-08 04:31:47','2018-01-08 04:31:47','76267','2018-01-05','10:15:00',148858,3687,3687,'N',NULL,NULL,NULL,'N',0,'Unknown',1849,99,'On ground','On a property.  Base of bamboo tree.  No parents.',1,'3hrs','#29#','#7#','#12#','#12-13#',NULL,NULL,NULL,NULL,'N',NULL,NULL,63,1,2018),(148116,'2018-01-08 04:36:50','2018-01-08 04:36:50','76281','2018-01-05','10:30:00',148860,30408,30408,'N',NULL,NULL,NULL,'N',0,'95/23 Macadamia Drive',1347,99,'On ground',NULL,1,NULL,'#21#','#9#','#14#','#14-149#',NULL,NULL,NULL,NULL,NULL,NULL,NULL,63,1,2018),(148118,'2018-01-08 04:41:36','2018-01-08 04:41:36','76360','2018-01-07','12:00:00',148862,33608,33608,'N',NULL,NULL,NULL,'N',0,'19 Clearly Street',377,67,'On ground',NULL,1,NULL,'#19#','#1#','#6#','#6-107#',NULL,NULL,NULL,NULL,NULL,NULL,NULL,63,1,2018),(148124,'2018-01-11 00:23:28','2018-01-11 00:23:41','76361','2018-01-07','19:30:00',148868,33614,33614,'Y','N','N','N','N',0,'Kurwongbah',1235,67,'In tree',NULL,1,'2.5hours','#33#','#3#','#8#9#12#','#8-65#9-225#12-215#',NULL,NULL,NULL,NULL,NULL,NULL,NULL,63,1,2018),(148128,'2018-01-11 01:27:45','2018-01-11 01:27:52','76309','2018-01-07','17:30:00',148872,15075,28750,'N',NULL,NULL,NULL,'N',0,'285 Reesville Road',1347,99,'On ground','dog attack - cattle dog',17,NULL,'#7#','#1#','#6#','#6-205#',NULL,NULL,NULL,NULL,NULL,NULL,NULL,63,1,2018),(148130,'2018-01-11 01:32:29','2018-01-11 01:32:43','76250','2018-01-04','14:30:00',148874,15087,15087,'N',NULL,NULL,NULL,'Y',1,'2 South Skylne Road',913,75,'On ground',NULL,1,NULL,'#19#33#','#1#3#','#6#11#','#11-49#6-95#',NULL,NULL,NULL,NULL,NULL,NULL,NULL,63,1,2018),(148132,'2018-01-11 01:39:32','2018-01-11 01:39:52','76313','2018-01-09','16:15:00',148876,15075,28548,'N',NULL,NULL,NULL,'N',0,'165 Doyle Road',2605,99,'In tree',NULL,17,NULL,'#33#','#3#','#2#11#','#11-49#2-51#',NULL,NULL,NULL,NULL,NULL,NULL,NULL,63,1,2018),(148134,'2018-01-11 01:45:49','2018-01-11 01:46:08','76241','2018-01-03','22:30:00',148878,15103,14821,'N',NULL,NULL,NULL,'N',0,'4-10 Windermere Road',25,81,'In tree','conjunctivitis',1,'3hours','#33#','#3#','#11#','#11-77#',NULL,NULL,NULL,NULL,NULL,NULL,NULL,63,1,2018),(148136,'2018-01-11 01:58:26','2018-01-11 01:58:31','76382','2018-01-09','11:30:00',148880,10583,10583,'Y',NULL,NULL,NULL,'N',0,'Centenial Park, Shore Street West',519,81,'In tree','cystitis',1,'15hours','#33#','#3#','#2#','#2-51#',NULL,NULL,NULL,NULL,NULL,NULL,NULL,63,1,2018),(148140,'2018-01-11 04:03:12','2018-01-11 04:03:12','76211','2018-01-02','10:45:00',148884,3687,3687,'Y',NULL,NULL,NULL,'N',0,'Nambour',1709,99,'On ground',NULL,1,NULL,'#29#','#7#9#','#14#','#14-149#',NULL,NULL,NULL,NULL,NULL,NULL,NULL,63,1,2018),(148142,'2018-01-11 04:09:31','2018-01-11 04:09:31','76228','2018-01-03','00:00:00',148886,33616,33616,'Y','N','N','Y','N',0,'La Vida Restaurant',1757,99,'On ground',NULL,1,NULL,'#59#','#1#','#8#','#8-205#',NULL,NULL,NULL,NULL,'Y','2 pinkie mice',NULL,63,1,2018),(148144,'2018-01-11 04:27:19','2018-01-11 04:27:19','76248','2018-01-04','12:00:00',148888,21323,21323,'N',NULL,NULL,NULL,'N',0,'Ann Street lakes',2347,39,'On ground',NULL,1,NULL,'#33#','#3#','#6#','#6-163#',NULL,NULL,NULL,NULL,NULL,NULL,NULL,63,1,2018),(148146,'2018-01-11 04:34:50','2018-01-11 04:34:50','76276','2018-01-05','17:00:00',148890,33618,33618,'Y','Y','N','Y','N',0,'Lindsay Road',313,99,'On road',NULL,1,NULL,'#19#','#1#','#3#','#3-233#',NULL,NULL,NULL,NULL,NULL,NULL,NULL,63,1,2018),(148148,'2018-01-11 04:50:51','2018-01-11 04:50:51','76278','2018-01-05','18:45:00',148892,3687,3687,'N',NULL,NULL,NULL,'N',0,'6 Scottlynd Place',575,99,'On ground',NULL,1,NULL,'#29#33#','#3#7#','#8#','#8-193#',NULL,NULL,NULL,NULL,NULL,NULL,NULL,63,1,2018),(148150,'2018-01-11 05:04:18','2018-01-11 05:04:18','76297','2018-01-07','07:45:00',148894,18927,22969,'Y',NULL,NULL,NULL,'N',0,'10 Argyle Crescent',537,99,'On ground',NULL,1,NULL,'#29#','#7#9#','#14#','#14-149#',NULL,NULL,NULL,NULL,NULL,NULL,NULL,63,1,2018),(148152,'2018-01-11 05:08:07','2018-01-11 05:08:07','76299','2018-01-07','00:00:00',148896,33620,33620,'Y','Y','N','N','N',0,'Dicky Beach Caravan Park',679,99,'On road',NULL,1,NULL,'#29#33#','#3#7#','#12#','#12-173#',NULL,NULL,NULL,NULL,NULL,NULL,NULL,63,1,2018),(148154,'2018-01-11 05:13:42','2018-01-11 05:13:42','76300','2018-01-07','11:45:00',148898,31400,31400,'Y','Y','N','N','N',0,'19 Echo Street',1873,99,'Pets mouth',NULL,1,NULL,'#7#','#1#','#6#','#6-99#6-107#6-205#',NULL,NULL,NULL,NULL,NULL,NULL,NULL,63,1,2018),(148156,'2018-01-11 05:18:02','2018-01-11 05:18:02','76305','2018-01-07','10:15:00',148900,15075,28548,'N',NULL,NULL,NULL,'N',0,'1 Clearwater Crescent',377,67,'On ground','DAA - dog',17,NULL,'#7#','#1#','#6#','#6-97#',NULL,NULL,NULL,NULL,NULL,NULL,NULL,63,1,2018),(148158,'2018-01-11 05:22:49','2018-01-11 05:22:49','76306','2018-01-07','00:00:00',148902,15075,28548,'N',NULL,NULL,NULL,'N',0,'20 Poinciana Avenue',1495,99,'On ground',NULL,17,NULL,'#53#','#1#','#6#8#','#6-1#8-37#',NULL,NULL,NULL,NULL,NULL,NULL,NULL,63,1,2018),(148160,'2018-01-11 05:33:44','2018-01-11 05:33:44','76308','2018-01-07','00:00:00',148904,15075,28548,'N',NULL,NULL,NULL,'N',0,'11 Yvonne Street',1019,99,'On ground',NULL,17,NULL,'#7#','#1#','#6#','#6-107#',NULL,NULL,NULL,NULL,NULL,NULL,NULL,63,1,2018),(148162,'2018-01-11 05:38:50','2018-01-11 05:38:50','76351','2018-01-07','11:45:00',148906,33622,33622,'N',NULL,NULL,NULL,'N',0,'4 River Gum Close',1503,99,'On ground',NULL,1,NULL,'#29#','#7#9#','#14#','#14-149#',NULL,NULL,NULL,NULL,'N',NULL,NULL,63,1,2018),(148164,'2018-01-11 05:41:57','2018-01-11 05:41:57','76352','2018-01-07','12:15:00',148908,23057,23057,'Y',NULL,NULL,NULL,'N',0,'Redcliffe Hospital',1967,67,'On ground',NULL,1,NULL,'#29#','#7#9#','#14#','#14-149#',NULL,NULL,NULL,NULL,NULL,NULL,NULL,63,1,2018),(148166,'2018-01-11 05:53:59','2018-01-11 05:53:59','76353','2018-01-07','12:30:00',148910,33624,33624,'Y',NULL,NULL,NULL,'N',0,'1770',9,41,'On ground','family run over',1,NULL,'#19#29#','#1#7#','#3#','#3-233#',NULL,NULL,NULL,NULL,NULL,NULL,NULL,63,1,2018),(148168,'2018-01-11 06:01:42','2018-01-11 06:01:42','76354','2018-01-07','14:15:00',148912,12855,12855,'Y','Y','Y',NULL,'N',0,'62 Whitepatch Esplanade',2507,67,'On ground',NULL,1,NULL,'#29#33#','#3#7#','#11#','#11-263#',NULL,NULL,NULL,NULL,NULL,NULL,NULL,63,1,2018),(148170,'2018-01-11 06:16:52','2018-01-11 06:16:52','76355','2018-01-07','14:30:00',148918,33626,33626,'Y',NULL,NULL,NULL,'N',0,'21 River Gum Close',1503,99,'On ground',NULL,1,NULL,'#19#','#1#','#6#8#','#6-89#8-205#',NULL,NULL,NULL,NULL,NULL,NULL,NULL,63,1,2018),(148172,'2018-01-11 06:21:16','2018-01-11 06:21:16','76356','2018-01-07','00:00:00',148922,33628,33628,'Y','Y','N','N','N',0,'68 Queen Street',387,99,'On road',NULL,1,NULL,'#19#','#1#','#3#','#3-233#',NULL,NULL,NULL,NULL,'N',NULL,NULL,63,1,2018),(148174,'2018-01-11 06:27:08','2018-01-11 06:27:08','76357','2018-01-07','16:00:00',148926,33630,33630,'N',NULL,NULL,NULL,'N',0,'Bolton and Clarke Streets',387,99,'On road',NULL,1,NULL,'#19#','#1#','#3#','#3-233#',NULL,NULL,NULL,NULL,NULL,NULL,NULL,63,1,2018),(148176,'2018-01-11 06:33:26','2018-01-11 06:33:26','76358','2018-01-07','16:45:00',148928,33610,33610,'Y','Y','N','Y','N',0,'Newman Lane',651,67,'Base of tree',NULL,1,NULL,'#43#29#','#1#7#','#6#9#','#6-93#9-141#',NULL,NULL,NULL,NULL,NULL,NULL,NULL,63,1,2018),(148178,'2018-01-11 06:43:42','2018-01-11 06:43:42','76364','2018-01-07','08:30:00',148930,31288,31288,'Y','Y','Y',NULL,'N',0,'30 Gallery Place',1287,99,'On ground',NULL,1,NULL,'#19#','#1#','#6#','#6-97#',NULL,NULL,NULL,NULL,NULL,NULL,NULL,63,1,2018),(148180,'2018-01-11 06:47:40','2018-01-11 06:47:40','76365','2018-01-07','21:00:00',148932,33632,33632,'Y','N','N','N','N',0,'Caloundra West',389,99,'On ground',NULL,1,NULL,'#7#','#1#','#4#6#','#6-7#4-125#6-205#',NULL,NULL,NULL,NULL,NULL,NULL,NULL,63,1,2018),(148182,'2018-01-11 23:12:28','2018-01-11 23:12:28','76310','2018-01-08','16:45:00',148934,15075,28750,'N',NULL,NULL,NULL,'N',0,'Picnic Parade',1389,99,'On ground',NULL,17,NULL,'#59#','#1#','#3#6#11#','#11-45#11-77#3-233#6-205#',NULL,NULL,NULL,NULL,NULL,NULL,NULL,63,1,2018),(148184,'2018-01-12 04:01:31','2018-01-12 04:01:31','76366','2018-01-08','00:00:00',148936,7905,7905,'Y',NULL,NULL,NULL,'N',0,'31 Graham Drive',1263,99,'Pets mouth','cat attack',1,NULL,'#5#','#1#','#4#6#','#4-177#6-205#',NULL,NULL,NULL,NULL,NULL,NULL,NULL,63,1,2018),(148188,'2018-01-12 04:37:22','2018-01-12 04:37:22','76368','2018-01-08','07:45:00',148940,6195,6195,'Y',NULL,NULL,NULL,'N',0,'17 Ballynde Street',251,15,'On ground','prolapse',1,'9weeks','#29#33#','#3#7#','#4#','#4-229#',NULL,NULL,NULL,NULL,NULL,NULL,NULL,63,1,2018),(148190,'2018-01-12 04:41:40','2018-01-12 04:41:40','76369','2018-01-08','10:30:00',148942,33636,33636,'Y','N','N','N','N',0,'Bells Creek Road',157,99,'Base of tree',NULL,1,NULL,'#19#','#1#','#6#','#6-109#',NULL,NULL,NULL,NULL,NULL,NULL,NULL,63,1,2018),(148192,'2018-01-12 04:46:26','2018-01-12 04:46:26','76370','2018-01-08','11:00:00',148944,33638,33638,'Y','N','N','N','N',0,'11 Capri Street',389,99,'On ground',NULL,1,'3hours','#29#','#7#9#','#14#','#14-149#',NULL,NULL,NULL,NULL,NULL,NULL,NULL,63,1,2018),(148194,'2018-01-12 04:53:38','2018-01-12 04:53:38','76372','2018-01-08','11:00:00',148946,33638,33638,'N',NULL,NULL,NULL,'N',0,'11 Capri Street',389,99,'On ground',NULL,1,NULL,'#29#','#7#9#','#14#','#14-149#',NULL,NULL,NULL,NULL,NULL,NULL,NULL,63,1,2018),(148196,'2018-01-12 04:55:22','2018-01-12 04:55:22','76373','2018-01-08','11:00:00',148948,33638,33638,'N',NULL,NULL,NULL,'N',0,'11 Capri Street',389,99,'On ground',NULL,1,NULL,NULL,NULL,NULL,NULL,NULL,NULL,NULL,NULL,NULL,NULL,NULL,63,1,2018),(148198,'2018-01-12 04:58:57','2018-01-12 04:58:57','76374','2018-01-08','12:30:00',148950,15075,28750,'N',NULL,NULL,NULL,'N',0,'Cotton Tree Caravan Park',613,99,'On ground',NULL,1,NULL,'#33#','#3#','#9#','#9-27#',NULL,NULL,NULL,NULL,NULL,NULL,NULL,63,1,2018),(148202,'2018-01-12 05:15:16','2018-01-12 05:15:16','76376','2018-01-08','19:00:00',148954,33640,33640,'Y','Y','Y',NULL,'N',0,'47 Brisbane Road',1495,99,'On road',NULL,1,NULL,'#19#','#1#','#6#','#6-107#',NULL,NULL,NULL,NULL,NULL,NULL,NULL,63,1,2018),(148204,'2018-01-12 05:20:37','2018-01-12 05:20:37','76377','2018-01-08','19:45:00',148956,29546,29546,'Y','Y','N','Y','N',0,'38 Birch Court',351,67,'On ground','stuck to tape',1,NULL,'#1#','#1#','#8#','#8-205#',NULL,NULL,NULL,NULL,NULL,NULL,NULL,63,1,2018),(148206,'2018-01-12 05:23:02','2018-01-12 05:23:02','76311','2018-01-09','10:30:00',148958,15075,16625,'N',NULL,NULL,NULL,'N',0,'Anzac Avenue',1389,99,'On ground',NULL,17,NULL,'#7#','#1#','#6#','#6-97#6-107#',NULL,NULL,NULL,NULL,NULL,NULL,NULL,63,1,2018),(148208,'2018-01-12 05:31:41','2018-01-12 05:31:41','76312','2018-01-09','13:00:00',148960,15075,16625,'N',NULL,NULL,NULL,'N',0,'6 Bracken Street',2599,67,'On ground',NULL,17,NULL,'#29#','#7#9#','#14#','#14-149#',NULL,NULL,NULL,NULL,NULL,NULL,NULL,63,1,2018),(148210,'2018-01-12 05:33:54','2018-01-12 05:33:54','76379','2018-01-09','07:00:00',148962,10025,10025,'N',NULL,NULL,NULL,'N',0,'Bunnings carpark',1389,99,'On ground',NULL,1,NULL,'#29#33#','#3#7#','#4#','#4-111#',NULL,NULL,NULL,NULL,NULL,NULL,NULL,63,1,2018),(148212,'2018-01-12 05:37:10','2018-01-12 05:37:10','76380','2018-01-09','08:45:00',148964,32196,32196,'Y',NULL,NULL,NULL,'N',0,'Sunshine Coast Day Surgery, cnr 2nd Avenue and Memorial Drive',1389,99,'On ground',NULL,1,NULL,'#19#','#1#','#8#11#','#11-77#8-205#',NULL,NULL,NULL,NULL,NULL,NULL,NULL,63,1,2018),(148214,'2018-01-12 05:45:22','2018-01-12 05:45:22','76381','2018-01-09','09:15:00',148966,33642,33642,'Y','Y',NULL,NULL,'N',0,'94 Zgrajewski Road',2635,99,'On ground',NULL,1,NULL,'#19#','#1#3#','#5#6#','#6-109#5-187#',NULL,NULL,NULL,NULL,NULL,NULL,NULL,63,1,2018),(148216,'2018-01-12 05:50:22','2018-01-12 05:50:22','76383','2018-01-09','13:00:00',148968,3555,3555,'N','Y',NULL,NULL,'N',0,'172 Candle Mountain Drive',1863,99,'On ground',NULL,1,NULL,'#47#','#1#','#6#','#6-205#',NULL,NULL,NULL,NULL,NULL,NULL,NULL,63,1,2018),(148218,'2018-01-12 05:54:22','2018-01-12 05:54:22','76384','2018-01-09','14:30:00',148970,31806,31806,'Y','Y','Y',NULL,'N',0,'27-29 Canopy Place',351,67,'On ground',NULL,1,'2months','#61#33#','#3#','#8#','#8-29#',NULL,NULL,NULL,NULL,NULL,NULL,NULL,63,1,2018),(148220,'2018-01-12 06:00:36','2018-01-12 06:00:54','76386','2018-01-09','00:00:00',148972,29568,29568,'Y',NULL,NULL,NULL,'N',0,'Peregian Beach',1875,99,'On ground',NULL,1,NULL,'#49#','#1#','#7#','#7-143#',NULL,NULL,NULL,NULL,NULL,NULL,NULL,63,1,2018),(148222,'2018-01-12 06:21:40','2018-01-12 06:21:40','76388','2018-01-09','09:45:00',148974,18927,18927,'Y',NULL,NULL,NULL,'N',0,'76 Stringybark Road',313,99,'On ground',NULL,1,NULL,'#29#','#7#9#','#14#','#14-149#',NULL,NULL,NULL,NULL,NULL,NULL,NULL,63,1,2018),(148224,'2018-01-12 06:25:54','2018-01-12 06:25:54','76389','2018-01-09','10:45:00',148976,8707,8707,'Y',NULL,NULL,NULL,'N',0,'Beerwah Parade',141,99,'On road',NULL,1,NULL,'#19#','#1#','#6#','#6-97#6-109#',NULL,NULL,NULL,NULL,NULL,NULL,NULL,63,1,2018),(148226,'2018-01-12 06:30:09','2018-01-12 06:30:09','76393','2018-01-09','09:00:00',148978,12837,12837,'N',NULL,NULL,NULL,'N',0,'84 Hardwood Road',1263,99,'On ground',NULL,1,NULL,'#5#','#1#','#6#','#6-107#',NULL,NULL,NULL,NULL,NULL,NULL,NULL,63,1,2018),(148228,'2018-01-12 06:32:32','2018-01-12 06:32:32','76314','2018-01-10','10:00:00',148980,15075,16625,'N',NULL,NULL,NULL,'N',0,'Buderim',313,99,'On ground',NULL,17,NULL,'#19#','#1#','#3#11#','#11-77#3-233#',NULL,NULL,NULL,NULL,NULL,NULL,NULL,63,1,2018),(148230,'2018-01-12 06:38:38','2018-01-12 06:38:38','76315','2018-01-10','10:30:00',148982,15075,16625,'N',NULL,NULL,NULL,'N',0,'Tanawha',2237,99,'On ground',NULL,17,NULL,'#29#33#','#3#7#','#12#','#12-173#',NULL,NULL,NULL,NULL,NULL,NULL,NULL,63,1,2018),(148232,'2018-01-13 04:47:03','2018-01-13 04:47:03','76397','2018-01-10','11:30:00',148984,2023,2023,'Y','Y','Y',NULL,'N',0,'Emu Street',2091,81,'On fence',NULL,1,'11hours','#13#29#','#1#7#','#8#','#8-205#',NULL,NULL,NULL,NULL,NULL,NULL,NULL,63,1,2018),(148234,'2018-01-13 04:49:51','2018-01-13 04:49:51','76436','2018-01-13','07:30:00',148986,21877,21877,'Y',NULL,NULL,NULL,'N',0,'14 Coles Street',51,67,'On road',NULL,1,NULL,'#29#33#','#3#7#','#4#','#4-75#',NULL,NULL,NULL,NULL,NULL,NULL,NULL,63,1,2018),(148236,'2018-01-13 04:52:34','2018-01-13 04:52:34','76330','2018-01-13','10:30:00',148988,15075,28750,'N',NULL,NULL,NULL,'N',0,'202 Glenmount Road',2237,99,'On ground','hit window',17,NULL,'#55#','#1#','#3#','#3-233#',NULL,NULL,NULL,NULL,NULL,NULL,NULL,63,1,2018),(148238,'2018-01-13 05:56:30','2018-01-13 05:56:30','76404','2018-01-10','18:45:00',148990,33646,33646,'Y','Y',NULL,'N','N',0,'Woodford',2569,67,'On road',NULL,1,NULL,'#19#','#1#','#6#','#6-109#',NULL,NULL,NULL,NULL,'N',NULL,NULL,63,1,2018),(148240,'2018-01-13 06:00:34','2018-01-13 06:00:34','76255','2018-01-04','16:30:00',148992,9689,9689,'Y',NULL,NULL,NULL,'N',0,'Meridan Way, Bambini\'s',1429,99,'In gutter',NULL,1,NULL,'#19#','#1#','#6#','#6-101#',NULL,NULL,NULL,NULL,NULL,NULL,NULL,63,1,2018),(148242,'2018-01-13 06:21:00','2018-01-13 06:21:00','76402','2018-01-10','17:15:00',148994,33648,33648,'Y',NULL,'N','Y','N',0,'Ewan Maddock Dam',1503,99,'On ground',NULL,1,NULL,'#17#','#1#','#4#','#4-127#',NULL,NULL,NULL,NULL,NULL,NULL,NULL,63,1,2018),(148244,'2018-01-13 06:42:08','2018-01-13 06:42:08','76399','2018-01-10','14:15:00',148996,33650,33650,'Y',NULL,NULL,NULL,'N',0,'120 Sahara Road',877,99,'On ground',NULL,1,NULL,'#51#','#1#','#8#','#8-41#',NULL,NULL,NULL,NULL,NULL,NULL,NULL,63,1,2018),(148246,'2018-01-13 06:44:27','2018-01-13 06:44:27','76261','2018-01-05','07:45:00',148998,22969,22969,'Y',NULL,NULL,NULL,'N',0,'77 Tanawha Road',2237,99,'On ground','attacked by dogs',1,NULL,'#7#','#1#','#6#','#6-205#',NULL,NULL,NULL,NULL,NULL,NULL,NULL,63,1,2018),(148248,'2018-01-13 06:46:44','2018-01-13 06:46:44','76332','2018-01-13','11:45:00',149000,15075,28750,'N',NULL,NULL,NULL,'N',0,'18 McClaren Place',313,99,'Pets mouth','cat attack',17,NULL,'#5#','#1#','#8#','#8-205#',NULL,NULL,NULL,NULL,NULL,NULL,NULL,63,1,2018),(148254,'2018-01-13 06:56:10','2018-01-13 06:56:10','76401','2018-01-10','16:00:00',149006,33652,33652,'Y',NULL,NULL,NULL,'N',0,'22 Mirnoo Street',639,99,'On ground',NULL,1,NULL,'#5#','#1#','#8#','#8-205#',NULL,NULL,NULL,NULL,NULL,NULL,NULL,63,1,2018),(148256,'2018-01-14 01:41:04','2018-01-14 01:41:04','76316','2018-01-10','00:00:00',149008,15075,16625,'Y',NULL,NULL,NULL,'N',0,'on wall at tiger temple viewing',141,99,'Other','not roosted high - healthy ?',17,NULL,'#47#','#9#','#14#','#14-149#',NULL,NULL,NULL,NULL,'N',NULL,NULL,63,1,2018),(148258,'2018-01-14 01:43:25','2018-01-14 01:43:25','76318','2018-01-10','15:00:00',149010,15075,28548,'Y',NULL,NULL,NULL,'N',0,'5 oomoo St',311,99,'Other','DAA - Dog',17,NULL,'#7#','#1#','#6#8#','#6-93#8-205#',NULL,NULL,NULL,NULL,'N',NULL,NULL,63,1,2018),(148260,'2018-01-14 01:48:04','2018-01-14 01:48:04','76400','2018-01-10','15:45:00',149012,33654,33654,'Y','Y','N',NULL,'N',0,'Myrtle ST',1347,99,'On road','unknown on ground in road  @ 10:30 (hit car?)',1,NULL,'#19#','#1#','#6#','#6-205#',NULL,NULL,NULL,NULL,'N',NULL,NULL,63,1,2018),(148264,'2018-01-14 01:54:24','2018-01-14 01:54:24','76405','2018-01-10','18:45:00',149016,33646,33646,'N',NULL,NULL,NULL,'N',0,'Woodford',2569,67,'Other',NULL,1,NULL,'#11#','#1#','#6#','#6-205#',NULL,NULL,NULL,NULL,'N',NULL,NULL,63,1,2018),(148266,'2018-01-14 02:08:09','2018-01-14 02:08:09','76406','2018-01-10','18:45:00',149018,33646,33646,'N',NULL,NULL,NULL,'N',0,'Woodford',2569,67,'Other',NULL,1,NULL,'#19#','#1#','#6#','#6-109#',NULL,NULL,NULL,NULL,NULL,NULL,NULL,63,1,2018),(148268,'2018-01-14 02:10:54','2018-01-14 02:10:54','76407','2018-01-10','18:45:00',149020,33646,33646,'N',NULL,NULL,NULL,'N',0,'Woodford',2569,67,'Other',NULL,1,NULL,'#19#','#1#','#6#','#6-95#',NULL,NULL,NULL,NULL,NULL,NULL,NULL,63,1,2018),(148270,'2018-01-14 02:15:23','2018-01-14 02:15:23','76408','2018-01-10','00:00:00',149022,31146,31146,'Y',NULL,NULL,NULL,'N',0,'45 Dalby St',1389,99,'Base of tree','unsure - walking and falling forward',1,'4days','#19#','#1#','#6#','#6-107#',NULL,NULL,NULL,NULL,NULL,NULL,NULL,63,1,2018),(148272,'2018-01-14 02:17:21','2018-01-14 02:17:21','76409','2018-01-10','00:00:00',149024,31146,31146,'Y',NULL,NULL,NULL,'N',0,'6 Arunta St',311,99,'Base of tree','Fell from nest - attacked by birds',1,NULL,'#29#','#7#','#14#','#14-149#',NULL,NULL,NULL,NULL,NULL,NULL,NULL,63,1,2018),(148278,'2018-01-14 04:34:43','2018-01-14 04:34:43','76390','2018-01-10','00:00:00',149030,33660,33660,'Y','Y','N','N','N',0,'Morayfield',1521,67,'In pool','in dog bowl(water) unsure',1,NULL,'#19#','#1#','#6#','#6-109#',NULL,NULL,NULL,NULL,'N',NULL,NULL,63,1,2018),(148280,'2018-01-14 04:41:00','2018-01-14 04:41:00','76391','2018-01-10','00:00:00',149032,33662,18171,'Y',NULL,NULL,NULL,'N',0,'in garden',1495,99,'On ground','whipper snipper accident',1,'1day','#57#','#1#','#6#','#6-107#',NULL,NULL,NULL,NULL,NULL,NULL,NULL,63,1,2018),(148282,'2018-01-14 04:44:21','2018-01-14 04:44:21','76392','2018-01-10','09:45:00',149034,33664,33664,'Y','N',NULL,NULL,'N',0,'near garage on walkway in township',139,99,'On ground',NULL,1,NULL,'#19#','#1#','#6#','#6-89#6-93#',NULL,NULL,NULL,NULL,'N',NULL,NULL,63,1,2018),(148284,'2018-01-14 04:48:18','2018-01-14 04:48:18','76394','2018-01-10','09:30:00',149036,17615,17615,'Y',NULL,NULL,NULL,'N',0,'917 Kidaman Creek Rd',637,99,'On ground','has been in same spot 2 days very flat and flatulant',1,'1hour','#33#','#3#','#9#','#9-225#9-163#',NULL,NULL,NULL,NULL,'N',NULL,NULL,63,1,2018),(148286,'2018-01-14 04:54:32','2018-01-14 04:54:32','76395','2018-01-10','00:00:00',149038,33666,33666,'Y',NULL,NULL,NULL,'N',0,'QUS Stafford Heights',2151,15,'Pets mouth','cat attack',1,'1day','#5#','#1#','#5#6#','#5-189#6-205#',NULL,NULL,NULL,NULL,'Y','wombaroo, occulox, metacam, buprenorhine',NULL,63,1,2018),(148288,'2018-01-14 05:03:19','2018-01-14 05:03:19','76396','2018-01-10','00:00:00',149040,33666,33666,'Y',NULL,NULL,NULL,'N',0,'Aspley',75,15,'Pets mouth','cat attack',1,'1day','#5#','#1#','#6#','#6-93#6-205#',NULL,NULL,NULL,NULL,'Y','wombaroo,clavulox, buprenorhine',NULL,63,1,2018),(148290,'2018-01-14 05:07:34','2018-01-14 05:07:34','76398','2018-01-10','00:00:00',149042,1789,1789,'Y',NULL,NULL,NULL,'N',0,'ABC Narrowleaf Rd',7,43,'Other',NULL,1,'6weeks','#29#','#3#','#4#8#','#4-113#8-119#',NULL,NULL,NULL,NULL,NULL,NULL,NULL,63,1,2018),(148292,'2018-01-14 05:30:21','2018-01-14 05:30:21','76319','2018-01-11','09:45:00',149044,15075,28548,'Y',NULL,NULL,NULL,'N',0,'781 Curramore Road',637,99,'Other','Foot injury, not weight bearing',17,NULL,'#19#','#1#','#6#','#6-95#',NULL,NULL,NULL,NULL,NULL,NULL,NULL,63,1,2018),(148294,'2018-01-14 05:34:46','2018-01-14 05:34:46','76378','2018-01-09','06:45:00',149046,10025,10025,'Y','Y',NULL,NULL,'N',0,'2/124 point Cartwright Drive',311,99,'Pets mouth','dog attack',1,NULL,'#7#','#1#','#8#','#8-205#',NULL,NULL,NULL,NULL,NULL,NULL,NULL,63,1,2018),(148296,'2018-01-14 05:38:54','2018-01-14 05:38:54','76385','2018-01-09','14:30:00',149048,33668,33668,'N','Y','N','Y','N',0,'11 Pinelands Drive',141,99,'Pets mouth','found on ground - mother in box on post',1,NULL,'#43#','#1#','#8#','#8-205#',NULL,NULL,NULL,NULL,'N',NULL,NULL,63,1,2018),(148298,'2018-01-14 05:45:20','2018-01-14 05:45:20','76387','2018-01-09','18:15:00',149050,33670,33670,'Y','Y','N','NA','N',0,'Mudjimba Beach PArk',1671,99,'On ground','kicked out of nest',1,'1.5days','#29#','#7#','#12#','#12-179#',NULL,NULL,NULL,NULL,'Y','fruit , sugar, syrup','12hrs ago',63,1,2018),(148300,'2018-01-14 05:54:14','2018-01-14 05:54:14','76363','2018-01-07','15:30:00',149052,31288,31288,'Y','Y','Y','NA','N',0,'9 Outlook Drive',1747,99,'In pool','in pool getting attacked by other birds',1,'2hours','#9#','#1#','#6#','#6-205#',NULL,NULL,NULL,NULL,'N',NULL,NULL,63,1,2018),(148302,'2018-01-14 05:59:19','2018-01-14 05:59:19','76237','2018-01-03','06:00:00',149054,33644,33644,'Y',NULL,NULL,NULL,'N',0,'Glass House Mountains',877,99,'Other','trying to catch for 3 weeks, has entire magpie family on property *Hand Fed *',1,NULL,'#31#','#1#','#6#','#6-163#',NULL,NULL,NULL,NULL,'Y','mince',NULL,63,1,2018),(148304,'2018-01-14 22:49:45','2018-01-14 22:49:45','76320','2018-01-11','13:00:00',149056,15075,15075,'N',NULL,NULL,NULL,'N',0,NULL,2397,67,'On ground','Not flying.',17,NULL,'#59#','#5#','#4#','#4-153#',NULL,NULL,NULL,NULL,'N',NULL,NULL,63,1,2018),(148306,'2018-01-14 23:07:08','2018-01-14 23:07:08','76321','2018-01-11','13:00:00',149058,15075,15075,'N',NULL,NULL,NULL,'N',0,'49 Casuarina Drive',1287,99,'On ground','Orphan - MOP to vet, can\'t find nest.',17,NULL,'#29#','#7#','#6#','#6-87#',NULL,NULL,NULL,NULL,'N',NULL,NULL,63,1,2018),(148308,'2018-01-14 23:08:11','2018-01-14 23:08:11','76324','2018-01-12','00:00:00',149060,15075,28750,'Y',NULL,NULL,NULL,'N',0,'5/9 3Rd Ave',211,67,'In tree',NULL,1,NULL,'#25#','#1#','#6#8#','#6-109#8-209#3-217#',NULL,NULL,NULL,NULL,NULL,NULL,NULL,5,1,2018),(148310,'2018-01-14 23:26:12','2018-01-14 23:26:12','76322','2018-01-11','12:30:00',149062,15075,15075,'N',NULL,NULL,NULL,'N',0,'Tulipoah Court',1287,99,'Other','Old male, skinny, stopped leaving yard vomiting grass balls.',17,NULL,'#33#','#3#','#12#','#12-177#',NULL,NULL,NULL,NULL,'N',NULL,NULL,63,1,2018),(148312,'2018-01-14 23:35:04','2018-01-14 23:35:04','76323','2018-01-11','15:45:00',149064,15075,15075,'N',NULL,NULL,NULL,'N',0,'Landsborough - Seventh Day Adventis Church',1263,99,'On ground','Not using legs.',17,NULL,'#19#','#1#','#6#','#6-107#',NULL,NULL,NULL,NULL,'N',NULL,NULL,63,1,2018),(148314,'2018-01-14 23:40:57','2018-01-14 23:40:57','76412','2018-01-11','07:15:00',149066,3687,3687,'N',NULL,NULL,NULL,'N',0,'Int. Village Way & Parkland Blv near shops',1287,99,'On ground','Mother had open Fx to (R) leg - shot by Police.  Sedated by Ray Chalmers.',1,'20mins','#19#','#1#','#6#','#6-93#6-97#',NULL,NULL,NULL,NULL,'Y','Zulutil 8mm',NULL,63,1,2018),(148316,'2018-01-14 23:46:37','2018-01-14 23:46:37','76413','2018-01-11','19:00:00',149068,3687,3687,'N',NULL,NULL,NULL,'N',0,'Intersection Village Way/Parklands Blv',1287,99,'On ground','Unviable Pinkie - Mum had open (R) leg Fx - shot by Police.  ',1,'20mins','#29#','#7#','#14#',NULL,NULL,NULL,NULL,NULL,'N',NULL,NULL,63,1,2018),(148320,'2018-01-15 00:25:45','2018-01-15 00:25:45','76415','2018-01-11','09:00:00',149072,5105,5105,'N',NULL,NULL,NULL,'N',0,'76 Kings Rd',877,99,'On ground','Dogs',1,NULL,'#7#','#1#','#6#','#6-109#',NULL,NULL,NULL,NULL,'N',NULL,NULL,63,1,2018),(148322,'2018-01-15 00:29:27','2018-01-15 00:29:27','76416','2018-01-11','09:00:00',149074,21221,21221,'N',NULL,NULL,NULL,'N',0,'18 Evens Grove Road',891,99,'On ground','Mum found deceased in backyard with baby in pouch still alive.',1,'30mins','#29#','#7#9#','#14#','#14-149#14-155#',NULL,NULL,NULL,NULL,'N',NULL,NULL,63,1,2018),(148326,'2018-01-15 00:43:59','2018-01-15 00:43:59','76418','2018-01-11','09:45:00',149078,30244,30244,'N',NULL,NULL,NULL,'N',0,'13 Wellman Crescent',2103,99,'In house','CAA',1,'12hours','#5#','#1#','#8#','#6-209#',NULL,NULL,NULL,NULL,'N',NULL,NULL,63,1,2018),(148328,'2018-01-15 00:47:26','2018-01-15 00:47:26','76419','2018-01-11','10:30:00',149080,20541,20541,'N',NULL,NULL,NULL,'N',0,'Unknown',1607,99,'Base of tree','DAA',1,NULL,'#7#','#1#','#3#','#3-207#',NULL,NULL,NULL,NULL,'Y','Kiwi/melon','1hr ago',63,1,2018),(148330,'2018-01-15 00:52:04','2018-01-15 00:52:04','76420','2018-01-11','11:30:00',149082,15073,15073,'N',NULL,NULL,NULL,'N',0,'Grey kangaroo Creek - AZ',141,99,'Other','Attacked by crow.',1,NULL,'#9#','#5#','#5#','#5-189#',NULL,NULL,NULL,NULL,'N',NULL,NULL,63,1,2018),(148332,'2018-01-15 00:56:24','2018-01-15 00:56:24','76421','2018-01-11','12:00:00',149084,25762,25762,'N',NULL,NULL,NULL,'N',0,'71 Grant Street',1967,67,'On ground',NULL,1,'3hours','#19#','#1#','#3#','#3-233#',NULL,NULL,NULL,NULL,'Y','20ml sub-cut','3hrs ago',63,1,2018),(148334,'2018-01-15 01:01:58','2018-01-15 01:01:58','76422','2018-01-11','12:15:00',149086,12855,12855,'N',NULL,NULL,NULL,'N',0,'Unknown',2599,67,'On ground','CAA',1,'2hrs','#5#','#1#','#5#','#5-211#',NULL,NULL,NULL,NULL,'N',NULL,NULL,63,1,2018),(148336,'2018-01-15 01:07:06','2018-01-15 01:07:06','76423','2018-01-11','12:15:00',149088,17615,17615,'N',NULL,NULL,NULL,'N',0,'Mary Cairncross Park',1347,99,'On ground','Fx spine.',1,NULL,'#19#','#1#','#6#','#6-107#',NULL,NULL,NULL,NULL,'N',NULL,NULL,63,1,2018),(148338,'2018-01-15 01:11:49','2018-01-15 01:11:49','76424','2018-01-11','14:15:00',149090,15073,15073,'N',NULL,NULL,NULL,'N',0,'Back of the red roo enclosure, cub yard side',141,99,'On ground',NULL,1,NULL,'#59#','#1#','#6#','#6-89#',NULL,NULL,NULL,NULL,'N',NULL,NULL,63,1,2018),(148340,'2018-01-15 01:20:14','2018-01-15 01:20:14','76425','2018-01-11','16:45:00',149092,33672,33672,'N',NULL,NULL,NULL,'N',0,'12 Peer Ct',313,99,'In pool','Orphaned',1,'1hour','#29#59#','#7#9#','#14#','#14-149#',NULL,NULL,NULL,NULL,'N',NULL,NULL,63,1,2018),(148342,'2018-01-15 01:32:56','2018-01-15 01:32:56','76475','2018-01-11','17:00:00',149094,33672,33672,'N',NULL,NULL,NULL,'N',0,'12 Peer Ct',313,99,'In pool',NULL,1,NULL,'#29#','#7#9#','#14#','#14-149#',NULL,NULL,NULL,NULL,'N',NULL,NULL,63,1,2018),(148344,'2018-01-15 01:35:49','2018-01-15 01:35:49','76476','2018-01-11','05:15:00',149096,33672,33672,'N',NULL,NULL,NULL,'N',0,'12 Peer Ct',313,99,'In pool',NULL,1,'1hour','#29#','#7#9#','#14#','#14-149#',NULL,NULL,NULL,NULL,'N',NULL,NULL,63,1,2018),(148346,'2018-01-15 01:42:57','2018-01-15 01:43:06','76440','2018-01-13','00:00:00',149098,3703,26824,'Y',NULL,NULL,NULL,'N',0,'93 High St',1081,35,'In tree',NULL,1,NULL,'#33#','#3#','#11#','#11-49#',NULL,NULL,NULL,NULL,NULL,NULL,NULL,5,1,2018),(148348,'2018-01-15 01:44:54','2018-01-15 01:44:54','76477','2018-01-11','04:45:00',149100,33672,33672,'N',NULL,NULL,NULL,'N',0,'12 Peer Ct',313,99,'In pool',NULL,1,'1hour','#29#','#7#9#','#14#','#14-149#',NULL,NULL,NULL,NULL,'N',NULL,NULL,63,1,2018),(148350,'2018-01-15 02:09:12','2018-01-15 02:09:12','76426','2018-01-11','08:30:00',149102,33674,33674,'N',NULL,NULL,NULL,'N',0,'Unknown',1495,99,'On ground','Fallen from nest',1,'60 min','#29#','#7#9#','#14#','#14-149#',NULL,NULL,NULL,NULL,'N',NULL,NULL,63,1,2018),(148352,'2018-01-15 02:18:25','2018-01-15 02:18:25','76427','2018-01-11','11:00:00',149104,31288,31288,'N','Y',NULL,NULL,'N',0,'11 Learg Street',575,99,'On road','Unsure - missing back foot.',1,'40 mins','#7#','#1#','#6#','#6-7#',NULL,NULL,NULL,NULL,'N',NULL,NULL,63,1,2018),(148354,'2018-01-15 02:21:02','2018-01-15 02:21:17','76362','2018-01-07','00:00:00',149106,15103,33614,'Y',NULL,NULL,NULL,'N',0,'10 Torrens Rd',1235,67,'In tree',NULL,1,NULL,'#33#','#3#','#8#','#8-65#',NULL,NULL,NULL,NULL,NULL,NULL,NULL,5,1,2018),(148356,'2018-01-15 03:13:01','2018-01-15 03:13:01','76428','2018-01-11','11:30:00',149108,3687,3687,'N',NULL,NULL,NULL,'N',0,'Tree Tops Seaview',1483,99,'Other','Trauma to (L) hind leg and tail',1,'30mins','#19#','#1#','#6#','#6-93#',NULL,NULL,NULL,NULL,'N',NULL,NULL,63,1,2018),(148358,'2018-01-15 03:20:27','2018-01-15 03:20:27','76451','2018-01-11','07:15:00',149110,33676,33676,'N',NULL,NULL,NULL,'N',0,'Palomwoods on ramp',2595,99,'In gutter','Hit tree - broken wing?',1,NULL,'#19#','#1#','#6#','#6-109#',NULL,NULL,NULL,NULL,'N',NULL,NULL,63,1,2018),(148360,'2018-01-15 03:32:27','2018-01-15 03:32:27','76325','2018-01-12','13:00:00',149112,15075,15075,'N',NULL,NULL,NULL,'N',0,'79 Fountain Road',351,67,'On ground','Attacked by birds.',17,NULL,'#43#','#1#','#6#','#6-205#',NULL,NULL,NULL,NULL,'N',NULL,NULL,63,1,2018),(148362,'2018-01-15 03:37:45','2018-01-15 03:37:45','76326','2018-01-12','13:30:00',149114,15075,15075,'N',NULL,NULL,NULL,'N',0,'Unknown - was on truck',2397,67,'Other','Orphan - unable to reunite.',17,NULL,'#29#','#7#','#12#14#','#12-173#',NULL,NULL,NULL,NULL,'N',NULL,NULL,63,1,2018),(148364,'2018-01-15 03:41:34','2018-01-15 03:41:34','76327','2018-01-12','15:45:00',149116,15075,15075,'N',NULL,NULL,NULL,'N',0,'101 Birtinya Blvd',193,99,'Other',NULL,17,NULL,'#47#','#9#','#14#','#14-149#',NULL,NULL,NULL,NULL,'N',NULL,NULL,63,1,2018),(148366,'2018-01-15 03:45:08','2018-01-15 03:45:08','76328','2018-01-12','15:45:00',149118,15075,15075,'N',NULL,NULL,NULL,'N',0,'9 Wywong Street',1835,99,'On ground','Unable to fly.',17,NULL,'#19#','#1#','#6#','#6-109#',NULL,NULL,NULL,NULL,'N',NULL,NULL,63,1,2018),(148368,'2018-01-15 03:48:11','2018-01-15 03:48:11','76329','2018-01-12','15:45:00',149120,15075,15075,'N',NULL,NULL,NULL,'N',0,'Marcoola Airport',1367,99,'On ground','Skinny - hanging around one spot hazard for planes.',17,NULL,'#47#','#9#','#14#','#14-149#',NULL,NULL,NULL,NULL,'N',NULL,NULL,63,1,2018),(148370,'2018-01-15 04:07:09','2018-01-15 04:07:09','76429','2018-01-11','12:30:00',149122,10183,10183,'N',NULL,NULL,NULL,'N',0,'908 Maleny Landsborough Road',1263,99,'Other','CAA',1,'20mins','#5#','#1#','#6#','#6-93#',NULL,NULL,NULL,NULL,'N',NULL,NULL,63,1,2018),(148372,'2018-01-15 04:14:38','2018-01-15 04:14:51','76437','2018-01-13','00:00:00',149124,15119,28748,'Y',NULL,NULL,NULL,'N',0,'635 Upper Pinbarren Creek Rd',1179,99,'In tree',NULL,1,NULL,'#33#','#3#','#11#12#','#12-11#11-49#',NULL,NULL,NULL,NULL,NULL,NULL,NULL,5,1,2018),(148374,'2018-01-15 04:15:28','2018-01-15 04:15:28','76430','2018-01-12','13:45:00',149126,15303,15303,'N',NULL,NULL,NULL,'N',0,'La Balsa Park',313,99,'On ground','Attacked by crow picked up and dropped from high up.',1,NULL,'#43#','#1#','#6#','#6-93#',NULL,NULL,NULL,NULL,'Y','Water',NULL,63,1,2018),(148376,'2018-01-15 04:21:50','2018-01-15 04:21:50','76443','2018-01-13','17:30:00',149128,33678,33678,'N',NULL,NULL,NULL,'N',0,'56 Tribulation Circuit',313,99,'On ground','Found on the ground near the home squawking loudly.',1,NULL,'#19#','#1#','#3#','#3-233#',NULL,NULL,NULL,NULL,'N',NULL,NULL,63,1,2018),(148378,'2018-01-15 04:31:13','2018-01-15 04:31:13','76333','2018-01-13','13:30:00',149130,15075,15075,'N',NULL,NULL,NULL,'N',0,'66-68 Hawthorn Road',1719,67,'In house','Suspected rat bait?  Sick',1,NULL,NULL,'#5#','#9#','#9-163#',NULL,NULL,NULL,NULL,'N',NULL,NULL,63,1,2018),(148380,'2018-01-15 04:35:22','2018-01-15 04:35:22','76331','2018-01-13','22:30:00',149132,15075,15075,'N',NULL,NULL,NULL,'N',0,'Unknown',1389,99,'On ground','Orphan',17,NULL,'#29#','#7#','#12#14#','#12-173#',NULL,NULL,NULL,NULL,'N',NULL,NULL,63,1,2018),(148382,'2018-01-15 04:39:10','2018-01-15 04:39:10','76334','2018-01-13','15:15:00',149134,15075,15075,'N',NULL,NULL,NULL,'N',0,'4 Sun Jewel Blvde',639,99,'On ground','Foot injury/sick.',17,NULL,'#19#','#1#','#6#','#6-89#6-93#',NULL,NULL,NULL,NULL,'N',NULL,NULL,63,1,2018),(148386,'2018-01-15 05:02:43','2018-01-15 05:02:43','76433','2018-01-13','07:00:00',149138,33680,33680,'N',NULL,NULL,NULL,'N',0,'Morayfield Road (near nursery)',1521,67,'On ground',NULL,1,NULL,'#29#','#7#9#','#14#','#14-149#',NULL,NULL,NULL,NULL,'N',NULL,NULL,63,1,2018),(148388,'2018-01-15 05:29:09','2018-01-15 05:29:09','76434','2018-01-13','19:30:00',149140,21877,21877,'N',NULL,NULL,NULL,'N',0,'14 Coles Street',51,67,'On ground','Falls off perch.',1,'2days','#61#','#3#','#6#','#6-129#',NULL,NULL,NULL,NULL,'N',NULL,NULL,63,1,2018),(148390,'2018-01-16 02:29:54','2018-01-16 02:29:54','76444','2018-01-14','00:00:00',149142,30256,30256,'Y',NULL,NULL,NULL,'N',0,'14 Pinecall Rd',439,67,'On ground',NULL,1,NULL,'#19#','#1#','#6#','#6-109#',NULL,NULL,NULL,NULL,NULL,NULL,NULL,5,1,2018),(148392,'2018-01-16 02:48:00','2018-01-16 02:48:00','76431','2018-01-12','00:00:00',149144,33646,33646,'Y',NULL,NULL,NULL,'N',0,'Sid Rd',2569,67,'On ground',NULL,1,NULL,'#29#','#9#','#14#','#14-149#',NULL,NULL,NULL,NULL,NULL,NULL,NULL,5,1,2018),(148394,'2018-01-16 02:51:16','2018-01-16 02:51:16','76435','2018-01-13','00:00:00',149146,21877,21877,'N',NULL,NULL,NULL,'N',0,'14 Coles Street',51,67,'On ground',NULL,1,NULL,'#61#','#3#','#6#','#6-129#',NULL,NULL,NULL,NULL,NULL,NULL,NULL,5,1,2018),(148396,'2018-01-16 03:01:18','2018-01-16 03:01:18','76438','2018-01-13','00:00:00',149148,33682,33682,'Y',NULL,NULL,NULL,'N',0,'Aldi Store',1389,99,'On ground',NULL,1,NULL,'#47#','#9#','#14#','#14-149#',NULL,NULL,NULL,NULL,NULL,NULL,NULL,5,1,2018),(148398,'2018-01-16 04:23:33','2018-01-16 04:23:33','76439','2018-01-13','00:00:00',149150,33684,33684,'Y',NULL,NULL,NULL,'N',0,'Yandina Area',2633,99,'Base of tree',NULL,1,NULL,'#11#29#','#1#7#','#6#','#6-129#',NULL,NULL,NULL,NULL,NULL,NULL,NULL,5,1,2018),(148400,'2018-01-17 23:40:21','2018-01-17 23:40:21','76441','2018-01-13','16:15:00',149152,30722,30722,'Y',NULL,NULL,NULL,'N',0,'13 Oakey Fields Court',351,67,'On ground',NULL,1,NULL,'#53#','#1#','#6#8#','#8-37#6-205#',NULL,NULL,NULL,NULL,NULL,NULL,NULL,63,1,2018),(148402,'2018-01-17 23:48:52','2018-01-17 23:48:52','76442','2018-01-13','17:00:00',149154,13003,13003,'Y','Y','N','N','N',0,'Gattera Road',1263,99,'On road','injured wing',1,NULL,'#13#','#1#','#6#','#6-89#6-205#',NULL,NULL,NULL,NULL,'N',NULL,NULL,63,1,2018),(148404,'2018-01-17 23:56:49','2018-01-17 23:56:49','76335','2018-01-14','11:00:00',149156,15075,28750,'N',NULL,NULL,NULL,'N',0,'Buccleugh Street',1467,99,'On ground',NULL,17,NULL,'#33#','#3#','#8#','#8-219#',NULL,NULL,NULL,NULL,NULL,NULL,NULL,63,1,2018),(148406,'2018-01-18 00:11:57','2018-01-18 00:11:57','76336','2018-01-14','11:00:00',149158,15075,28750,'N',NULL,NULL,NULL,'N',0,'20 Coochin Hills Drive',141,99,'On ground','hit shed',17,NULL,'#55#','#1#','#3#','#3-233#',NULL,NULL,NULL,NULL,NULL,NULL,NULL,63,1,2018),(148408,'2018-01-18 00:14:39','2018-01-18 00:14:39','76337','2018-01-14','15:15:00',149160,15075,21145,'N',NULL,NULL,NULL,'N',0,'Young Road',1719,67,'On road',NULL,17,NULL,'#19#','#1#','#3#','#3-233#',NULL,NULL,NULL,NULL,NULL,NULL,NULL,63,1,2018),(148410,'2018-01-18 00:28:26','2018-01-18 00:28:26','76445','2018-01-14','01:15:00',149162,33686,33686,'Y',NULL,NULL,NULL,'N',0,'12 Coronation Avenue',899,99,'On ground',NULL,1,NULL,'#5#','#1#','#6#','#6-205#',NULL,NULL,NULL,NULL,NULL,NULL,NULL,63,1,2018),(148412,'2018-01-18 00:35:38','2018-01-18 00:35:38','76446','2018-01-14','07:30:00',149164,10895,10895,'Y','Y','N','Y','N',0,'45 Smith Road',771,67,'In gutter',NULL,1,NULL,'#19#','#1#','#11#','#11-77#',NULL,NULL,NULL,NULL,NULL,NULL,NULL,63,1,2018),(148414,'2018-01-18 01:24:05','2018-01-18 01:24:05','76447','2018-01-14','08:00:00',149166,6195,6195,'Y',NULL,NULL,NULL,'N',0,'Brighton',267,15,'On ground',NULL,1,'2.5weeks','#29#33#','#3#7#','#8#','#8-1#',NULL,NULL,NULL,NULL,NULL,NULL,NULL,63,1,2018),(148416,'2018-01-18 01:34:40','2018-01-18 01:34:40','76448','2018-01-14','00:00:00',149168,33688,33688,'Y',NULL,NULL,NULL,'N',0,'95 Whites Road',1263,99,'On ground',NULL,1,NULL,'#29#','#7#9#','#14#','#14-149#',NULL,NULL,NULL,NULL,NULL,NULL,NULL,63,1,2018),(148418,'2018-01-18 01:46:36','2018-01-18 01:46:36','76449','2018-01-14','09:00:00',149170,33690,33690,'N',NULL,NULL,NULL,'N',0,'5 Burke Street',2103,99,'On ground',NULL,1,NULL,'#29#','#7#9#','#14#','#14-149#',NULL,NULL,NULL,NULL,NULL,NULL,NULL,63,1,2018),(148420,'2018-01-18 01:52:28','2018-01-18 01:52:28','76450','2018-01-14','09:45:00',149172,33692,33692,'Y',NULL,NULL,NULL,'N',0,'Kawana',1129,99,'On ground',NULL,1,NULL,'#21#','#9#','#14#','#14-149#',NULL,NULL,NULL,NULL,NULL,NULL,NULL,63,1,2018),(148422,'2018-01-18 01:54:37','2018-01-18 01:54:37','76452','2018-01-14','09:00:00',149174,4329,4329,'N',NULL,NULL,NULL,'N',0,'Anne Street',679,99,'On ground',NULL,1,NULL,'#19#','#1#','#6#','#6-107#',NULL,NULL,NULL,NULL,NULL,NULL,NULL,63,1,2018),(148424,'2018-01-18 03:29:22','2018-01-18 03:29:22','76455','2018-01-14','10:00:00',149176,3095,3095,'Y',NULL,NULL,NULL,'N',0,'Memerambi Barkers Creek Road',1713,95,'On ground','ant bites',1,NULL,'#29#','#7#9#','#14#','#14-149#',NULL,NULL,NULL,NULL,NULL,NULL,NULL,63,1,2018),(148426,'2018-01-18 04:12:34','2018-01-18 04:12:34','76456','2018-01-14','13:15:00',149178,6195,6195,'Y',NULL,NULL,NULL,'N',0,'10 Hurrell Street',521,67,'Base of tree',NULL,1,NULL,'#19#','#1#','#6#','#6-107#',NULL,NULL,NULL,NULL,'N',NULL,NULL,63,1,2018),(148428,'2018-01-18 04:37:16','2018-01-18 04:37:16','76457','2018-01-14','13:30:00',149180,10815,10815,'Y',NULL,NULL,NULL,'N',0,'276 Peachester Road',141,99,'On ground',NULL,1,NULL,'#11#','#1#7#','#3#12#','#3-233#12-173#',NULL,NULL,NULL,NULL,NULL,NULL,NULL,63,1,2018),(148430,'2018-01-18 04:40:53','2018-01-18 04:40:53','76458','2018-01-14','14:15:00',149182,32452,32452,'Y',NULL,NULL,NULL,'N',0,'Brookfield Vets',289,15,'Base of tree',NULL,1,NULL,'#19#','#1#','#6#','#6-89#',NULL,NULL,NULL,NULL,NULL,NULL,NULL,63,1,2018),(148432,'2018-01-18 05:00:21','2018-01-18 05:00:21','76459','2018-01-14','14:15:00',149184,32452,32452,'Y',NULL,NULL,NULL,'N',0,'Horse Parade carpark',2399,15,'On road',NULL,1,NULL,'#19#29#','#1#7#','#6#','#6-107#',NULL,NULL,NULL,NULL,NULL,NULL,NULL,63,1,2018),(148434,'2018-01-18 05:07:31','2018-01-18 05:07:31','76460','2018-01-14','14:00:00',149186,23341,23341,'N',NULL,NULL,NULL,'N',0,'57 Queenstown Avenue',221,15,'In house',NULL,1,NULL,'#29#','#7#9#','#14#','#14-149#',NULL,NULL,NULL,NULL,NULL,NULL,NULL,63,1,2018),(148436,'2018-01-18 05:11:24','2018-01-18 05:11:24','76461','2018-01-14','14:30:00',149188,23341,23341,'N',NULL,NULL,NULL,'N',0,'36 Niven Street',75,15,'On road',NULL,1,NULL,'#29#','#7#9#','#14#','#14-149#',NULL,NULL,NULL,NULL,NULL,NULL,NULL,63,1,2018),(148438,'2018-01-18 05:40:23','2018-01-18 05:40:23','76462','2018-01-14','16:15:00',149190,33694,33694,'Y',NULL,NULL,NULL,'N',0,'8 Annie Street',1263,99,'In house',NULL,1,NULL,'#47#','#1#','#6#','#6-205#',NULL,NULL,NULL,NULL,NULL,NULL,NULL,63,1,2018),(148440,'2018-01-19 00:06:30','2018-01-19 00:07:19','76508','2018-01-16','00:00:00',149192,15103,32254,'Y',NULL,NULL,NULL,'N',0,'Cnr Baker & Francis Rd',255,67,'In tree',NULL,1,NULL,'#33#','#3#','#1#9#','#1-55#9-225#',NULL,NULL,NULL,NULL,NULL,NULL,NULL,5,1,2018),(148442,'2018-01-19 00:11:49','2018-01-19 00:11:49','76463','2018-01-14','16:30:00',149194,31964,15303,'N',NULL,NULL,NULL,'N',0,'Twin Waters Resort - 270 Ocean Drive',2389,99,'On ground',NULL,1,NULL,'#11#29#','#1#7#','#6#','#6-93#',NULL,NULL,NULL,NULL,NULL,NULL,NULL,63,1,2018),(148444,'2018-01-19 00:11:58','2018-01-19 00:11:58','76345','2018-01-16','00:00:00',149196,15075,16625,'Y',NULL,NULL,NULL,'N',0,'21a William St',1467,99,'On road',NULL,1,NULL,'#19#','#1#','#6#','#6-107#',NULL,NULL,NULL,NULL,NULL,NULL,NULL,5,1,2018),(148446,'2018-01-19 00:14:09','2018-01-19 00:14:09','76464','2018-01-14','16:30:00',149198,31964,15303,'N',NULL,NULL,NULL,'N',0,'38 Boronia Crescent',1367,99,'On ground',NULL,1,NULL,'#35#','#1#','#12#','#12-17#',NULL,NULL,NULL,NULL,NULL,NULL,NULL,63,1,2018),(148448,'2018-01-19 00:14:41','2018-01-19 00:14:41','76346','2018-01-16','00:00:00',149200,15075,16625,'Y',NULL,NULL,NULL,'N',0,'Tewantin area',2281,99,'Pets mouth',NULL,1,NULL,'#7#','#1#','#6#','#6-107#',NULL,NULL,NULL,NULL,NULL,NULL,NULL,5,1,2018),(148450,'2018-01-19 00:15:52','2018-01-19 00:15:52','76465','2018-01-14','00:00:00',149202,31146,31146,'Y',NULL,NULL,NULL,'N',0,'Cotton Tree Caravan Park',1389,99,'On ground',NULL,1,NULL,'#43#','#1#','#6#','#6-205#',NULL,NULL,NULL,NULL,NULL,NULL,NULL,63,1,2018),(148452,'2018-01-19 00:18:26','2018-01-19 00:18:26','76494','2018-01-16','00:00:00',149204,31964,15303,'Y',NULL,NULL,NULL,'N',0,'Lake Kawana Center',1129,99,'On ground',NULL,1,NULL,'#33#','#3#','#3#','#3-27#',NULL,NULL,NULL,NULL,NULL,NULL,NULL,5,1,2018),(148454,'2018-01-19 00:21:09','2018-01-19 00:21:09','76466','2018-01-14','20:00:00',149206,23749,23749,'Y','Y','N','N','N',0,'Mountainview Road',1347,99,'On road',NULL,1,NULL,'#19#','#1#','#6#','#6-109#',NULL,NULL,NULL,NULL,NULL,NULL,NULL,63,1,2018),(148456,'2018-01-19 00:23:08','2018-01-19 00:23:08','76495','2018-01-16','00:00:00',149208,33696,33696,'Y',NULL,NULL,NULL,'N',0,'83 Beskmann Rd',2065,67,'On road',NULL,1,NULL,'#31#','#9#','#14#','#14-149#',NULL,NULL,NULL,NULL,NULL,NULL,NULL,5,1,2018),(148458,'2018-01-19 00:25:53','2018-01-19 00:25:53','76469','2018-01-14','10:30:00',149210,33698,33698,'N',NULL,NULL,NULL,'N',0,'Alexandra Headland',21,99,'In house',NULL,1,NULL,'#5#29#','#1#7#','#8#','#8-205#',NULL,NULL,NULL,NULL,'N',NULL,NULL,63,1,2018),(148460,'2018-01-19 00:29:06','2018-01-19 00:29:06','76499','2018-01-16','00:00:00',149212,28868,28868,'N',NULL,NULL,NULL,'N',0,'Kanngar Cres',1913,99,'Base of tree',NULL,1,NULL,'#29#','#1#','#12#','#12-173#',NULL,NULL,NULL,NULL,NULL,NULL,NULL,5,1,2018),(148462,'2018-01-19 00:29:56','2018-01-19 00:29:56','76338','2018-01-15','09:15:00',149214,15075,21145,'N',NULL,NULL,NULL,'N',0,'90 Lindsay Road',313,99,'On ground',NULL,17,NULL,'#5#29#','#1#7#','#8#','#8-205#',NULL,NULL,NULL,NULL,NULL,NULL,NULL,63,1,2018),(148464,'2018-01-19 01:11:08','2018-01-19 01:11:08','76500','2018-01-16','00:00:00',149216,28868,28868,'Y',NULL,NULL,NULL,'N',0,'Golf links Dve & Royal Palm Dve',313,99,'On road',NULL,1,NULL,'#19#','#1#','#6#','#6-89#',NULL,NULL,NULL,NULL,NULL,NULL,NULL,5,1,2018),(148466,'2018-01-19 01:19:48','2018-01-19 01:19:48','76339','2018-01-15','11:45:00',149218,15075,21145,'N',NULL,NULL,NULL,'N',0,'AZ - Crocoseum',141,99,'On ground',NULL,17,NULL,'#47#','#9#','#14#','#14-149#',NULL,NULL,NULL,NULL,NULL,NULL,NULL,63,1,2018),(148468,'2018-01-19 01:19:55','2018-01-19 01:19:55','76501','2018-01-16','00:00:00',149220,26602,26602,'Y',NULL,NULL,NULL,'N',0,'14 Isambert Rd',1263,99,'On road',NULL,1,NULL,'#19#','#1#','#6#','#6-107#6-109#',NULL,NULL,NULL,NULL,NULL,NULL,NULL,5,1,2018),(148470,'2018-01-19 01:27:17','2018-01-19 01:27:17','76340','2018-01-15','11:45:00',149222,15075,21145,'N',NULL,NULL,NULL,'N',0,'AZ - Crocoseum',141,99,'On ground',NULL,17,NULL,'#47#','#9#','#14#','#14-149#',NULL,NULL,NULL,NULL,NULL,NULL,NULL,63,1,2018),(148472,'2018-01-19 01:43:23','2018-01-19 01:43:23','76342','2018-01-15','15:15:00',149224,15075,21145,'N',NULL,NULL,NULL,'N',0,'408 Old Bay Road',351,67,'On ground',NULL,17,NULL,'#19#','#1#','#6#11#','#11-77#6-89#',NULL,NULL,NULL,NULL,NULL,NULL,NULL,63,1,2018),(148474,'2018-01-19 02:04:08','2018-01-19 02:04:08','76502','2018-01-16','00:00:00',149226,6031,6031,'Y',NULL,NULL,NULL,'N',0,'Woodford Area',2569,67,'On ground',NULL,1,NULL,'#59#','#3#','#11#','#11-77#',NULL,NULL,NULL,NULL,NULL,NULL,NULL,5,1,2018),(148476,'2018-01-19 02:24:07','2018-01-19 02:24:07','76505','2018-01-16','00:00:00',149228,21323,21323,'Y',NULL,NULL,NULL,'N',0,'Bryant Close',355,39,'On ground',NULL,1,NULL,'#29#','#1#','#6#','#6-59#',NULL,NULL,NULL,NULL,NULL,NULL,NULL,5,1,2018),(148478,'2018-01-19 02:41:56','2018-01-19 02:41:56','76507','2018-01-16','00:00:00',149230,33700,33700,'Y',NULL,NULL,NULL,'N',0,'Songbird Pl',1503,99,'On ground',NULL,1,NULL,'#21#','#9#','#14#','#14-149#',NULL,NULL,NULL,NULL,NULL,NULL,NULL,5,1,2018),(148480,'2018-01-19 03:00:40','2018-01-19 03:00:40','76509','2018-01-16','00:00:00',149232,31964,31288,'Y',NULL,NULL,NULL,'N',0,'10/42 Brisbane Rd',1495,99,'On ground',NULL,1,NULL,'#7#','#1#','#6#','#6-107#',NULL,NULL,NULL,NULL,NULL,NULL,NULL,5,1,2018),(148482,'2018-01-19 03:12:22','2018-01-19 03:12:22','76343','2018-01-15','15:15:00',149234,15075,21145,'N',NULL,NULL,NULL,'N',0,'7 Warroo Drive',667,67,'On ground',NULL,17,NULL,'#29#','#7#9#11#','#14#','#14-149#',NULL,NULL,NULL,NULL,NULL,NULL,NULL,63,1,2018),(148484,'2018-01-19 03:14:01','2018-01-19 03:14:01','76344','2018-01-15','15:15:00',149236,15075,21145,'N',NULL,NULL,NULL,'N',0,'7 Warroo Drive',667,67,'On ground',NULL,17,NULL,'#29#','#7#9#11#','#14#','#14-149#',NULL,NULL,NULL,NULL,NULL,NULL,NULL,63,1,2018),(148486,'2018-01-19 03:16:03','2018-01-19 03:16:03','76347','2018-01-15','00:00:00',149238,15075,28548,'N',NULL,NULL,NULL,'N',0,'6 Earnshaw Street',899,99,'On ground',NULL,17,NULL,'#19#','#1#','#6#','#6-89#',NULL,NULL,NULL,NULL,NULL,NULL,NULL,63,1,2018),(148488,'2018-01-19 03:30:36','2018-01-19 03:30:36','76348','2018-01-15','00:00:00',149240,15075,28548,'N',NULL,NULL,NULL,'N',0,'Moffat Beach',1467,99,'On ground',NULL,17,NULL,'#7#','#1#','#6#','#6-107#',NULL,NULL,NULL,NULL,NULL,NULL,NULL,63,1,2018),(148490,'2018-01-19 03:52:15','2018-01-19 03:52:15','76349','2018-01-15','14:00:00',149242,15075,28548,'N',NULL,NULL,NULL,'N',0,'1 Carnaby Street',1389,99,'On ground',NULL,17,NULL,'#7#','#1#','#6#','#6-93#6-205#',NULL,NULL,NULL,NULL,NULL,NULL,NULL,63,1,2018),(148492,'2018-01-19 03:58:59','2018-01-19 03:58:59','76350','2018-01-15','00:00:00',149244,15075,28548,'N',NULL,NULL,NULL,'N',0,'1/60 Wilderness Circuit',1287,99,'On ground',NULL,17,NULL,'#29#59#','#1#7#','#6#','#6-97#',NULL,NULL,NULL,NULL,NULL,NULL,NULL,63,1,2018),(148494,'2018-01-19 04:50:38','2018-01-19 04:50:38','76521','2018-01-17','00:00:00',149246,33292,33292,'Y',NULL,NULL,NULL,'N',0,'Doonan area',699,99,'On ground',NULL,1,NULL,'#33#','#3#','#12#','#12-13#',NULL,NULL,NULL,NULL,NULL,NULL,NULL,5,1,2018),(148496,'2018-01-19 05:29:07','2018-01-19 05:29:07','76511','2018-01-16','00:00:00',149248,33702,33702,'N',NULL,NULL,NULL,'N',0,'9 Heretage Dve',877,99,'On ground',NULL,1,NULL,'#21#','#9#','#14#','#14-149#',NULL,NULL,NULL,NULL,NULL,NULL,NULL,5,1,2018),(148498,'2018-01-19 05:33:42','2018-01-19 05:33:42','76470','2018-01-15','13:15:00',149250,771,771,'N',NULL,NULL,NULL,'N',0,'Dayboro Bakery',663,67,'On ground',NULL,1,NULL,'#29#59#','#5#7#','#4#','#4-229#',NULL,NULL,NULL,NULL,NULL,NULL,NULL,63,1,2018),(148500,'2018-01-19 05:33:53','2018-01-19 05:33:53','76513','2018-01-16','00:00:00',149252,3687,3687,'Y',NULL,NULL,NULL,'N',0,'6/94 River Esp',1495,99,'On road',NULL,1,NULL,'#19#','#1#','#6#','#6-211#',NULL,NULL,NULL,NULL,NULL,NULL,NULL,5,1,2018),(148502,'2018-01-19 05:45:10','2018-01-19 05:45:10','76471','2018-01-15','08:00:00',149254,21323,21323,'N',NULL,NULL,NULL,'N',0,'Gympie Road',2305,39,'On road',NULL,1,NULL,'#19#','#1#','#6#','#6-205#',NULL,NULL,NULL,NULL,NULL,NULL,NULL,63,1,2018),(148504,'2018-01-19 05:46:22','2018-01-19 05:46:22','76559','2018-01-18','00:00:00',149256,15075,16625,'Y',NULL,NULL,NULL,'N',0,'Bulcock St ',387,99,'On ground',NULL,1,NULL,'#33#','#3#','#3#','#3-135#',NULL,NULL,NULL,NULL,NULL,NULL,NULL,5,1,2018),(148506,'2018-01-19 05:52:59','2018-01-19 05:52:59','76472','2018-01-15','08:00:00',149258,21323,21323,'N',NULL,NULL,NULL,'N',0,'Hervey Bay',1007,39,'On ground',NULL,1,NULL,'#43#','#1#','#8#','#8-211#',NULL,NULL,NULL,NULL,NULL,NULL,NULL,63,1,2018),(148508,'2018-01-19 05:58:15','2018-01-19 05:58:15','76473','2018-01-15','00:00:00',149260,1021,20919,'N',NULL,NULL,NULL,'N',0,'Mapleton Falls',1361,99,'On ground',NULL,1,NULL,'#19#','#1#','#6#','#6-91#6-93#6-205#',NULL,NULL,NULL,NULL,NULL,NULL,NULL,63,1,2018),(148510,'2018-01-19 06:02:17','2018-01-19 06:02:17','76474','2018-01-15','09:45:00',149262,15073,15073,'N',NULL,NULL,NULL,'N',0,'AZ - Taj Museum',141,99,'On ground',NULL,1,NULL,'#47#','#9#','#14#','#14-149#',NULL,NULL,NULL,NULL,NULL,NULL,NULL,63,1,2018),(148512,'2018-01-19 06:05:46','2018-01-19 06:05:46','76478','2018-01-15','11:30:00',149264,16137,16137,'N',NULL,NULL,NULL,'N',0,'8 Bushman Court',1923,99,'On ground',NULL,1,NULL,'#59#','#1#','#3#10#','#3-233#10-163#',NULL,NULL,NULL,NULL,NULL,NULL,NULL,63,1,2018),(148514,'2018-01-19 06:10:25','2018-01-19 06:10:25','76479','2018-01-15','11:30:00',149266,16137,16137,'Y',NULL,NULL,NULL,'N',0,'8 Bushman Court',1923,99,'On ground',NULL,1,NULL,'#5#','#1#','#6#','#6-89#6-205#',NULL,NULL,NULL,NULL,NULL,NULL,NULL,63,1,2018),(148516,'2018-01-19 06:38:09','2018-01-19 06:38:09','76480','2018-01-15','12:30:00',149268,23387,23387,'N',NULL,NULL,NULL,'N',0,'AZ - possum browse',141,99,'On ground',NULL,1,NULL,'#5#','#1#','#6#','#6-107#',NULL,NULL,NULL,NULL,NULL,NULL,NULL,63,1,2018),(148518,'2018-01-19 06:40:14','2018-01-19 06:40:14','76481','2018-01-15','12:30:00',149270,30256,30256,'Y',NULL,NULL,NULL,'N',0,'2 Christine Court',1499,99,'On ground',NULL,1,NULL,'#29#','#7#9#11#','#14#','#14-149#',NULL,NULL,NULL,NULL,NULL,NULL,NULL,63,1,2018),(148520,'2018-01-19 06:42:07','2018-01-19 06:42:07','76482','2018-01-15','14:00:00',149272,1615,1615,'N',NULL,NULL,NULL,'N',0,'23 Michael Street',899,99,'On ground',NULL,1,NULL,'#31#','#1#','#6#','#6-205#',NULL,NULL,NULL,NULL,NULL,NULL,NULL,63,1,2018),(148522,'2018-01-19 06:45:07','2018-01-19 06:45:07','76483','2018-01-15','14:00:00',149274,1615,1615,'N',NULL,NULL,NULL,'N',0,'Stockland carpark',899,99,'On ground',NULL,1,NULL,'#19#','#1#','#3#','#3-233#',NULL,NULL,NULL,NULL,NULL,NULL,NULL,63,1,2018),(148524,'2018-01-19 06:47:53','2018-01-19 06:47:53','76484','2018-01-15','14:45:00',149276,12855,12855,'Y','Y','Y',NULL,'N',0,'Sylvan Beach Esplanade',147,67,'On ground',NULL,1,NULL,'#47#','#5#','#5#11#','#11-77#5-181#',NULL,NULL,NULL,NULL,NULL,NULL,NULL,63,1,2018),(148526,'2018-01-20 00:23:32','2018-01-20 00:23:50','76317','2018-01-10','16:00:00',149278,15075,28548,'N',NULL,NULL,NULL,'N',0,'Parkyn Parade',1495,99,'Other',NULL,17,NULL,'#17#','#1#','#4#','#4-127#',NULL,NULL,NULL,NULL,NULL,NULL,NULL,63,1,2018),(148528,'2018-01-20 01:59:16','2018-01-20 01:59:16','76485','2018-01-15','16:30:00',149280,33704,33704,'Y',NULL,NULL,NULL,'N',0,'29 Leah Street',351,67,'On ground',NULL,1,NULL,'#33#','#3#','#8#','#8-219#',NULL,NULL,NULL,NULL,NULL,NULL,NULL,63,1,2018),(148530,'2018-01-20 02:10:58','2018-01-20 02:10:58','76486','2018-01-15','00:00:00',149282,33706,33706,'Y',NULL,NULL,NULL,'N',0,'65 Peachester Road',141,99,'In gutter',NULL,1,NULL,'#19#','#1#','#6#','#6-107#',NULL,NULL,NULL,NULL,NULL,NULL,NULL,63,1,2018),(148532,'2018-01-20 02:17:18','2018-01-20 02:17:18','76487','2018-01-15','18:30:00',149284,27062,27062,'Y',NULL,NULL,NULL,'N',0,'5 Erica Street',639,99,'On ground',NULL,1,NULL,'#29#','#7#9#','#14#','#14-149#',NULL,NULL,NULL,NULL,NULL,NULL,NULL,63,1,2018),(148534,'2018-01-20 02:24:29','2018-01-20 02:24:29','76488','2018-01-15','00:00:00',149286,16871,16871,'Y',NULL,NULL,NULL,'N',0,'301 Hardwood Road',1263,99,'On ground',NULL,1,NULL,'#19#','#1#','#6#','#6-109#',NULL,NULL,NULL,NULL,NULL,NULL,NULL,63,1,2018),(148536,'2018-01-20 02:38:31','2018-01-20 02:38:31','76489','2018-01-15','06:45:00',149288,33430,33430,'Y',NULL,NULL,NULL,'N',0,'Mapleton',1361,99,'On ground',NULL,1,'1hour','#19#','#1#','#6#','#6-97#6-205#',NULL,NULL,NULL,NULL,NULL,NULL,NULL,63,1,2018),(148538,'2018-01-20 02:44:30','2018-01-20 02:44:30','76490','2018-01-15','00:00:00',149290,33708,33708,'Y',NULL,NULL,NULL,'N',0,'18 Roseby Road',377,67,'On ground',NULL,1,NULL,'#59#','#1#','#6#','#6-205#',NULL,NULL,NULL,NULL,'N',NULL,NULL,63,1,2018),(148540,'2018-01-20 02:51:05','2018-01-20 02:51:05','76491','2018-01-15','20:45:00',149292,16517,16517,'Y',NULL,NULL,NULL,'N',0,'Sunshine Coast',2189,99,'On ground',NULL,1,NULL,'#29#','#7#9#','#14#','#14-149#',NULL,NULL,NULL,NULL,NULL,NULL,NULL,63,1,2018),(148542,'2018-01-20 03:57:01','2018-01-20 03:57:01','76492','2018-01-15','21:00:00',149294,19249,19249,'Y',NULL,NULL,NULL,'N',0,'Wamuran',2461,67,'On ground',NULL,1,NULL,'#33#','#3#','#4#','#4-143#',NULL,NULL,NULL,NULL,NULL,NULL,NULL,63,1,2018),(148544,'2018-01-20 04:23:02','2018-01-20 04:23:02','76497','2018-01-15','00:00:00',149296,8695,8695,'Y',NULL,NULL,NULL,'N',0,'Otto Road',2333,67,'On ground',NULL,1,NULL,'#55#','#1#','#6#','#6-109#',NULL,NULL,NULL,NULL,NULL,NULL,NULL,63,1,2018),(148546,'2018-01-20 05:00:54','2018-01-20 05:00:54','76534','2018-01-18','10:30:00',149298,33710,33710,'Y',NULL,NULL,NULL,'N',0,'Sunrise Beach entry 38',2185,99,'On ground',NULL,1,NULL,'#33#','#3#','#9#','#9-225#',NULL,NULL,NULL,NULL,NULL,NULL,NULL,63,1,2018),(148548,'2018-01-20 05:08:29','2018-01-20 05:08:29','76520','2018-01-17','00:00:00',149300,33292,33292,'Y',NULL,NULL,NULL,'N',0,'71 Mungar Road',1399,39,'Base of tree',NULL,1,NULL,'#29#59#','#1#7#','#11#','#11-77#',NULL,NULL,NULL,NULL,NULL,NULL,NULL,63,1,2018),(148550,'2018-01-20 05:12:33','2018-01-20 05:12:33','76512','2018-01-16','00:00:00',149302,27294,27294,'Y',NULL,NULL,NULL,'N',0,'241 Hardwood Road',1263,99,'On ground',NULL,1,NULL,'#43#','#1#','#8#','#8-205#',NULL,NULL,NULL,NULL,NULL,NULL,NULL,63,1,2018),(148552,'2018-01-20 05:15:00','2018-01-20 05:15:00','76553','2018-01-17','13:30:00',149304,15075,28548,'N',NULL,NULL,NULL,'N',0,'Murrumba Downs',1701,67,'On ground',NULL,17,NULL,'#33#','#3#','#6#','#6-207#',NULL,NULL,NULL,NULL,NULL,NULL,NULL,63,1,2018),(148554,'2018-01-20 05:17:04','2018-01-20 05:17:04','76341','2018-01-15','12:15:00',149306,15075,21145,'N',NULL,NULL,NULL,'N',0,'Maud Street Park',1389,99,'On ground',NULL,17,NULL,'#59#','#1#','#6#','#6-59#6-205#',NULL,NULL,NULL,NULL,NULL,NULL,NULL,63,1,2018),(148556,'2018-01-20 05:19:20','2018-01-20 05:19:20','76532','2018-01-18','10:30:00',149308,21323,21323,'N',NULL,NULL,NULL,'N',0,'Snapper Street',2305,39,'On ground',NULL,1,NULL,'#11#29#','#1#7#','#3#','#3-233#',NULL,NULL,NULL,NULL,NULL,NULL,NULL,63,1,2018),(148558,'2018-01-20 05:41:30','2018-01-20 05:41:30','76467','2018-01-14','21:15:00',149310,15075,16625,'N',NULL,NULL,NULL,'N',0,'Bells Creek Road',157,99,'On road',NULL,17,NULL,'#19#','#1#','#6#','#6-205#6-211#',NULL,NULL,NULL,NULL,NULL,NULL,NULL,63,1,2018),(148560,'2018-01-20 05:45:21','2018-01-20 05:45:21','76524','2018-01-17','13:30:00',149312,32282,32282,'N',NULL,NULL,NULL,'N',0,'1205 Neurum Road',1541,67,'On ground',NULL,1,NULL,'#7#','#1#','#6#','#6-205#',NULL,NULL,NULL,NULL,NULL,NULL,NULL,63,1,2018),(148562,'2018-01-20 05:50:53','2018-01-20 05:50:53','76468','2018-01-14','21:45:00',149314,26442,26442,'Y','Y','Y',NULL,'N',0,'176 White Patch Esplanade',2507,67,'On ground',NULL,1,NULL,'#7#','#1#','#6#8#','#6-99#8-205#',NULL,NULL,NULL,NULL,NULL,NULL,NULL,63,1,2018),(148564,'2018-01-20 06:15:15','2018-01-20 06:15:15','76575','2018-01-20','09:30:00',149316,15075,16625,'N',NULL,NULL,NULL,'N',0,'21 Douglas Street',1495,99,'On ground',NULL,17,NULL,'#59#','#1#','#8#','#8-205#',NULL,NULL,NULL,NULL,NULL,NULL,NULL,63,1,2018),(148566,'2018-01-20 06:17:20','2018-01-20 06:17:20','76550','2018-01-19','07:45:00',149318,33032,33032,'N',NULL,NULL,NULL,'N',0,'Wurtulla',2611,99,'On ground',NULL,1,'2.5weeks','#29#33#','#3#7#','#9#','#9-225#',NULL,NULL,NULL,NULL,NULL,NULL,NULL,63,1,2018),(148568,'2018-01-20 06:19:03','2018-01-20 06:19:03','76555','2018-01-17','15:00:00',149320,15075,16625,'N',NULL,NULL,NULL,'N',0,'Mullem Court',1467,99,'On ground',NULL,17,NULL,'#19#','#1#','#3#','#3-233#',NULL,NULL,NULL,NULL,NULL,NULL,NULL,63,1,2018),(148570,'2018-01-20 06:20:53','2018-01-20 06:20:53','76671','2018-01-20','00:00:00',149322,33032,NULL,'N',NULL,NULL,NULL,'N',0,'Ketch Street',2611,99,'On ground',NULL,1,NULL,'#33#','#3#','#5#8#','#5-251#8-205#',NULL,NULL,NULL,NULL,NULL,NULL,NULL,63,1,2018),(148572,'2018-01-20 06:23:28','2018-01-20 06:23:28','76493','2018-01-16','00:00:00',149324,33712,33712,'Y',NULL,NULL,NULL,'N',0,'241 Commissioner Road',1863,99,'On ground',NULL,1,'12hours','#29#59#','#1#5#','#4#','#4-83#',NULL,NULL,NULL,NULL,NULL,NULL,NULL,63,1,2018),(148574,'2018-01-20 06:27:57','2018-01-20 06:27:57','76454','2018-01-14','09:00:00',149326,1021,4329,'N',NULL,NULL,NULL,'N',0,'King Street park',313,99,'On ground',NULL,1,NULL,'#29#33#','#3#7#','#12#','#12-173#',NULL,NULL,NULL,NULL,NULL,NULL,NULL,63,1,2018),(148576,'2018-01-20 06:33:17','2018-01-20 06:33:17','76496','2018-01-15','10:30:00',149328,28764,28764,'N',NULL,NULL,NULL,'N',0,'Morayfield',1521,67,'On ground',NULL,1,'7days','#29#33#','#3#7#','#12#','#12-173#',NULL,NULL,NULL,NULL,NULL,NULL,NULL,63,1,2018),(148578,'2018-01-20 06:35:02','2018-01-20 06:35:02','76453','2018-01-14','09:00:00',149330,1021,4329,'N',NULL,NULL,NULL,'N',0,'King Street Park',313,99,'On ground',NULL,1,NULL,'#29#33#','#3#7#','#12#','#12-173#',NULL,NULL,NULL,NULL,NULL,NULL,NULL,63,1,2018),(148580,'2018-01-20 22:57:21','2018-01-20 22:57:21','76498','2018-01-16','00:00:00',149332,28720,28720,'Y',NULL,NULL,NULL,'N',0,'Marybourough Area',1399,39,'Other','Diarrhoea, thrush, bloat',1,'10days','#29#','#3#','#4#','#4-31#',NULL,NULL,NULL,NULL,'Y','nilstat, cisapide bentonite clay',NULL,63,1,2018),(148582,'2018-01-20 23:07:38','2018-01-20 23:07:38','76503','2018-01-16','15:00:00',149334,21323,NULL,'Y',NULL,NULL,NULL,'N',0,'Beach at Dayman PArk',2417,39,'Other',NULL,1,'1day','#47#9#','#5#','#5#','#5-181#',NULL,NULL,NULL,NULL,NULL,NULL,NULL,63,1,2018),(148584,'2018-01-20 23:21:05','2018-01-20 23:21:05','76504','2018-01-16','15:15:00',149336,21323,NULL,'Y',NULL,NULL,NULL,'N',0,'Mill Street',127,39,'On fence',NULL,1,NULL,'#13#','#1#','#8#','#8-209#',NULL,NULL,NULL,NULL,NULL,NULL,NULL,63,1,2018),(148586,'2018-01-20 23:36:48','2018-01-20 23:36:48','76506','2018-01-16','15:15:00',149338,33714,33714,'Y',NULL,NULL,NULL,'N',0,'Musket Flats - approx 40mins away from maryborough',1399,39,'Other','NM\'s occurring with facial infection at property',7,'1day','#33#','#3#','#9#','#9-225#',NULL,NULL,NULL,NULL,NULL,NULL,NULL,63,1,2018),(148588,'2018-01-20 23:45:43','2018-01-20 23:45:43','76510','2018-01-16','17:00:00',149340,27062,27062,'Y','Y','N','NA','N',0,'10 Bareki St',2611,99,'On ground','possible kidnap No nest/parents where mops claim he was found',1,'3hours','#29#21#','#7#','#14#',NULL,NULL,NULL,NULL,NULL,'Y','H2O',NULL,63,1,2018),(148590,'2018-01-20 23:49:26','2018-01-20 23:49:26','76514','2018-01-16','18:45:00',149342,21323,21323,'N',NULL,NULL,NULL,'N',0,'Marybourough Area',1399,39,'Other',NULL,1,NULL,'#59#31#','#1#','#5#6#7#8#','#8-205#',NULL,NULL,NULL,NULL,NULL,NULL,NULL,63,1,2018),(148592,'2018-01-21 00:10:19','2018-01-21 00:10:19','76515','2018-01-16','20:00:00',149344,33716,33716,'Y','Y','N','N','N',0,'75 Huntley Place',389,99,'On ground','fallen out of nest',1,NULL,'#11#','#7#','#14#',NULL,NULL,NULL,NULL,NULL,'N',NULL,NULL,63,1,2018),(148594,'2018-01-21 01:10:36','2018-01-21 01:10:36','76516','2018-01-17','08:30:00',149346,3687,3687,'Y','Y','Y',NULL,'N',0,'Sundale Nursing Home',1709,99,'On ground','Behind BBQ been there all night. Security guard at centre observed the bird. Trauma to left side of head',1,'30mins','#59#','#11#','#8#','#8-205#',NULL,NULL,NULL,NULL,'N',NULL,NULL,63,1,2018),(148596,'2018-01-21 01:57:01','2018-01-21 01:57:01','76517','2018-01-17','10:15:00',149348,31288,31288,'Y','Y','Y',NULL,'N',0,'Mel MOP 0439702866',793,99,'On ground','found in a paddock - no trees',1,'2hours','#29#','#7#','#11#','#11-263#',NULL,NULL,NULL,NULL,'N',NULL,NULL,63,1,2018),(148598,'2018-01-21 02:07:37','2018-01-21 02:07:37','76518','2018-01-17','10:15:00',149350,31288,31288,'Y','Y','Y','NA','N',0,'77 Moolaba Esp',1495,99,'On ground','birds attacking it unable to fly',1,'1hour','#59#','#1#','#3#','#3-233#',NULL,NULL,NULL,NULL,'N',NULL,NULL,63,1,2018),(148600,'2018-01-21 02:34:20','2018-01-21 02:34:20','76519','2018-01-17','10:45:00',149352,15073,15073,'Y','N','N','N','N',0,'Crocoseum Aust. Zoo',141,99,'Other',NULL,1,NULL,'#59#','#9#','#14#','#14-149#',NULL,NULL,NULL,NULL,'N',NULL,NULL,63,1,2018),(148602,'2018-01-21 03:18:27','2018-01-21 03:18:27','76522','2018-01-17','12:00:00',149354,33166,33166,'Y','Y','Y','NA','N',0,'Beachmere',129,67,'Other','blown out of tree in strong winds Sunday night. Birds were brought to me',1,'2days','#11#','#1#','#7#','#7-233#',NULL,NULL,NULL,NULL,'Y','has eaten only once insectivore & mealworms','12hrs ago',63,1,2018),(148604,'2018-01-21 03:22:08','2018-01-21 03:22:08','76523','2018-01-17','12:00:00',149356,33166,33166,'Y','Y','Y','NA','N',0,'?',129,67,'Other','Blown out of tree in strong winds Sunday night . Birds were brought to me.',1,'2days','#11#','#7#','#14#',NULL,NULL,NULL,NULL,NULL,'Y','insectivore crickets mealworms','12hrs ago',63,1,2018),(148606,'2018-01-21 03:26:25','2018-01-21 03:26:25','76525','2018-01-17','17:00:00',149358,31370,31370,'N',NULL,NULL,NULL,'N',0,'22 Sams Street',129,67,'On ground','attacked by crows',1,'6hours','#43#','#1#','#11#','#11-77#',NULL,NULL,NULL,NULL,'N',NULL,NULL,63,1,2018),(148608,'2018-01-21 03:29:06','2018-01-21 03:29:06','76526','2018-01-17','00:00:00',149360,9057,9057,'Y','Y','N','N','N',0,'Main Street',387,99,'On road','?? heat ??',1,'1hour','#19#','#1#','#6#','#6-109#',NULL,NULL,NULL,NULL,'N',NULL,NULL,63,1,2018),(148610,'2018-01-21 03:32:32','2018-01-21 03:32:32','76527','2018-01-17','19:00:00',149362,3687,3687,'N','Y','Y',NULL,'N',0,'3 Lacey Lane',2633,99,'Other','in water - ingested water ?',1,NULL,'#9#','#9#','#14#','#14-149#',NULL,NULL,NULL,NULL,'N',NULL,NULL,63,1,2018),(148612,'2018-01-21 04:26:52','2018-01-21 04:26:52','76529','2018-01-17','23:00:00',149364,12971,12971,'Y','Y','N','Y','N',0,'174 Yeates Road',141,99,'Pets mouth','taken by my cat as a \"gift\" to me',1,'30mins','#5#','#1#','#5#','#5-211#',NULL,NULL,NULL,NULL,'Y','spray coloidal silver',NULL,63,1,2018),(148614,'2018-01-21 04:33:02','2018-01-21 04:33:02','76551','2018-01-17','11:30:00',149366,15075,28548,'Y',NULL,NULL,NULL,'N',0,'Beerwah Train Station',141,99,'Other','at train station  on bench seat during the day',17,NULL,'#47#','#3#','#8#','#8-243#',NULL,NULL,NULL,NULL,'N',NULL,NULL,63,1,2018),(148616,'2018-01-21 04:40:40','2018-01-21 04:40:40','76552','2018-01-17','00:00:00',149368,15075,28548,'Y',NULL,NULL,NULL,'N',0,'18 Tununda Ct',377,67,'Other','Caught in sticky anima; trap. MOP has got most of the substance off but can\'t get all',17,NULL,'#1#','#5#','#8#','#8-47#',NULL,NULL,NULL,NULL,'N',NULL,NULL,63,1,2018),(148620,'2018-01-21 04:48:39','2018-01-21 04:48:39','76556','2018-01-17','16:00:00',149372,15075,16625,'Y',NULL,NULL,NULL,'N',0,'35 Guinea CRes',1719,67,'Other','misadventure - in tin boat in carpark more than likely from Narangba',17,NULL,'#33#','#3#','#12#','#12-163#',NULL,NULL,NULL,NULL,'N',NULL,NULL,63,1,2018),(148622,'2018-01-21 04:51:39','2018-01-21 04:51:39','76557','2018-01-17','16:00:00',149374,15075,16625,'Y',NULL,NULL,NULL,'N',0,'unit 1 / 166 Wises Road',313,99,'On ground','orphan / injured ?',17,NULL,'#59#','#1#','#6#','#6-89#6-205#',NULL,NULL,NULL,NULL,'N',NULL,NULL,63,1,2018),(148624,'2018-01-21 04:54:24','2018-01-21 04:54:24','76558','2018-01-17','14:30:00',149376,15075,16625,'Y',NULL,NULL,NULL,'N',0,'7 Angelon Court',157,99,'On ground','misadventure or sick? curled up next to house in new estate, absolutely no trees around',17,NULL,NULL,NULL,NULL,NULL,NULL,NULL,NULL,NULL,'N',NULL,NULL,63,1,2018),(148626,'2018-01-21 05:01:13','2018-01-21 05:01:13','76530','2018-01-18','09:30:00',149378,24569,24569,'Y',NULL,NULL,NULL,'N',0,'22 Howard Court',2065,67,'In house','stuck up/under kitchen cupboards',1,NULL,NULL,NULL,'#6#9#','#9-225#6-107#6-205#',NULL,NULL,NULL,NULL,'N',NULL,NULL,63,1,2018),(148628,'2018-01-21 05:03:44','2018-01-21 05:03:44','76531','2018-01-18','09:30:00',149380,30430,30430,'Y',NULL,NULL,NULL,'N',0,'Across road Evans Grove',891,99,'On ground','fallen out of nest injured',1,NULL,'#5#','#1#','#6#','#6-93#6-205#',NULL,NULL,NULL,NULL,'N',NULL,NULL,63,1,2018),(148630,'2018-01-21 05:07:26','2018-01-21 05:07:26','76533','2018-01-18','00:00:00',149382,21323,NULL,'Y',NULL,NULL,NULL,'N',0,'17 Ripley St',1885,39,'Other','abdominal movement and coordination, lumpy spine rear end, crush trauma?',1,'1day','#59#','#1#','#3#','#3-233#',NULL,NULL,NULL,NULL,NULL,NULL,NULL,63,1,2018),(148632,'2018-01-21 05:10:44','2018-01-21 05:10:44','76536','2018-01-18','14:00:00',149384,27062,27062,'Y','Y','N','NA','N',0,'25 - 27 First Ave',1495,99,'On ground','orphaned. No parents found / no nest',1,'24hours','#29#','#7#','#14#',NULL,NULL,NULL,NULL,NULL,'Y','RB spoon fer 6 ml','4hrs ago',63,1,2018),(148634,'2018-01-21 05:15:31','2018-01-21 05:15:31','76537','2018-01-18','14:00:00',149386,27062,27062,'Y','Y','N','NA','N',0,'Sunshine COast Uni',2103,99,'On ground','(R) wing trauma. Unable to fly sufficiently. Attacked by miners',1,'2hours','#59#','#1#','#14#',NULL,NULL,NULL,NULL,NULL,'N',NULL,NULL,63,1,2018),(148642,'2018-01-21 05:43:25','2018-01-21 05:43:25','76541','2018-01-18','00:00:00',149394,15073,16625,'Y',NULL,NULL,NULL,'N',0,'near museum at Taj - Aust. Zoo',141,99,'On ground','fallen on ground from roost',17,NULL,'#59#','#5#','#14#',NULL,NULL,NULL,NULL,NULL,NULL,NULL,NULL,63,1,2018),(148644,'2018-01-21 05:48:52','2018-01-21 05:48:52','76542','2018-01-18','00:00:00',149396,33718,33718,'Y','Y','Y','NA','N',0,'TBC by Rescuer',1359,15,'Other','land clearing',1,'6weeks','#29#33#','#1#','#6#','#6-109#',NULL,NULL,NULL,NULL,'Y',NULL,'8hrs ago',63,1,2018),(148646,'2018-01-21 23:17:28','2018-01-21 23:17:28','76543','2018-01-18','16:00:00',149398,33718,33718,'N','Y','Y',NULL,'N',0,'Unknown',2395,59,'Other',NULL,1,'6weeks','#29#','#7#9#','#14#','#14-149#',NULL,NULL,NULL,NULL,'N',NULL,NULL,63,1,2018),(148648,'2018-01-21 23:22:41','2018-01-21 23:22:41','76544','2018-01-18','16:00:00',149400,33718,33718,'N','Y','Y',NULL,'N',0,'Unknown',2395,59,'Other','Microchip 900079000320578',1,'6weeks','#29#','#7#9#','#14#','#14-149#',NULL,NULL,NULL,NULL,'N',NULL,NULL,63,1,2018),(148650,'2018-01-21 23:29:57','2018-01-21 23:29:57','76545','2018-01-18','16:00:00',149402,33718,33718,'N','Y','Y',NULL,'N',0,'Unknown',2395,59,'Pets mouth','CAA - Microchip 900079000320573',1,'3weeks','#59#','#7#9#','#14#','#14-149#',NULL,NULL,NULL,NULL,'N',NULL,NULL,63,1,2018),(148652,'2018-01-21 23:33:45','2018-01-21 23:33:45','76546','2018-01-18','16:00:00',149404,33718,33718,'N','Y','Y',NULL,'N',0,'Unknown',1971,81,'Pets mouth','CAA  - Microchip 900079000320575',1,'2weeks','#59#','#9#','#14#','#14-149#',NULL,NULL,NULL,NULL,'N',NULL,NULL,63,1,2018),(148654,'2018-01-21 23:50:07','2018-01-21 23:50:07','76547','2018-01-18','16:15:00',149406,33718,33718,'N','Y','Y',NULL,'N',0,'Brisbane Airport',271,15,'In house','Hanging from door frame.  Swollen nose?',1,'3days','#59#','#1#','#8#','#8-205#',NULL,NULL,NULL,NULL,'N',NULL,NULL,63,1,2018),(148656,'2018-01-22 00:02:05','2018-01-22 00:02:05','76560','2018-01-18','09:00:00',149408,15075,15075,'N',NULL,NULL,NULL,'N',0,'33/65 Kilcoy Lane',555,99,'On ground','Injury to toe.',17,NULL,'#33#','#1#','#6#','#6-95#',NULL,NULL,NULL,NULL,'Y','2ml Zoletil','3hrs ago',63,1,2018),(148658,'2018-01-22 00:28:01','2018-01-22 00:28:20','76579','2018-01-21','00:00:00',149410,15075,21145,'Y',NULL,NULL,NULL,'N',0,'Koala Walk Thru AZ',141,99,'In tree',NULL,1,NULL,'#61#','#9#','#14#','#14-149#',NULL,NULL,NULL,NULL,NULL,NULL,NULL,5,1,2018),(148660,'2018-01-22 01:14:07','2018-01-22 01:14:21','76686','2018-01-21','00:00:00',149412,15103,33614,'Y',NULL,NULL,NULL,'N',0,'Goshawk Dve',1109,67,'In tree',NULL,1,NULL,'0','0','','','','',NULL,NULL,NULL,NULL,NULL,5,1,2018),(148662,'2018-01-22 01:15:47','2018-01-22 01:15:47','76561','2018-01-18','09:30:00',149414,15075,15075,'N',NULL,NULL,NULL,'N',0,'182 Eudlo Flat Road',683,99,'On ground','Pox and beak deformity.',17,NULL,'#33#','#3#','#8#9#','#9-141#8-195#',NULL,NULL,NULL,NULL,'N',NULL,NULL,63,1,2018),(148664,'2018-01-22 01:20:20','2018-01-22 01:20:20','76562','2018-01-18','15:30:00',149416,15075,15075,'N',NULL,NULL,NULL,'N',0,'27 Tedford Crt',2281,99,'Other','Orphan 1 of 6 #76563, 76564,76565, 76566,76567',17,NULL,'#29#','#7#9#','#14#','#14-149#',NULL,NULL,NULL,NULL,'N',NULL,NULL,63,1,2018),(148666,'2018-01-22 01:24:16','2018-01-22 01:24:16','76563','2018-01-18','15:30:00',149418,15075,15075,'N',NULL,NULL,NULL,'N',0,'27 Tedford Drive',2281,99,'Other','Orphan',17,NULL,'#29#','#7#9#','#14#','#14-149#',NULL,NULL,NULL,NULL,'N',NULL,NULL,63,1,2018),(148668,'2018-01-22 01:27:25','2018-01-22 01:28:09','76692','2018-01-21','00:00:00',149420,21323,21323,'Y',NULL,NULL,NULL,'N',0,'Boat Harbour Marina Polgul Creek side',2417,39,'Other',NULL,1,NULL,NULL,NULL,NULL,NULL,NULL,NULL,NULL,NULL,NULL,NULL,NULL,5,1,2018),(148670,'2018-01-22 01:28:07','2018-01-22 01:28:07','76564','2018-01-18','15:30:00',149422,15075,15075,'N',NULL,NULL,NULL,'N',0,'27 Tedford Drive',2281,99,'Other','Orphan 3 of 6',17,NULL,'#29#','#7#9#','#14#','#14-149#',NULL,NULL,NULL,NULL,'N',NULL,NULL,63,1,2018),(148672,'2018-01-22 01:33:48','2018-01-22 01:33:48','76565','2018-01-18','15:30:00',149424,15075,15075,'N',NULL,NULL,NULL,'N',0,'27 Tedford Drive',2281,99,'Other','Orphan 4 or 6',17,NULL,'#29#','#7#9#','#14#','#14-149#',NULL,NULL,NULL,NULL,'N',NULL,NULL,63,1,2018),(148674,'2018-01-22 01:36:50','2018-01-22 01:36:50','76566','2018-01-18','15:30:00',149426,15075,15075,'N',NULL,NULL,NULL,'N',0,'27 Tedford Drive',2281,99,'Other','Orphan 5 of 6',17,NULL,'#29#','#7#9#','#14#','#14-149#',NULL,NULL,NULL,NULL,'N',NULL,NULL,63,1,2018),(148676,'2018-01-22 01:40:16','2018-01-22 01:40:16','76567','2018-01-18','15:30:00',149428,15075,15075,'N',NULL,NULL,NULL,'N',0,'27 Tedford Drive',2281,99,'Other','Orphan - 6 of 6',17,NULL,'#29#','#7#9#','#14#','#14-149#',NULL,NULL,NULL,NULL,'N',NULL,NULL,63,1,2018),(148678,'2018-01-22 01:43:59','2018-01-22 01:43:59','76654','2018-01-18','14:00:00',149430,27062,27062,'N',NULL,NULL,NULL,'N',0,'37 Enterprise Street',389,99,'Other','Orphan',1,'1hour','#29#','#7#','#9#','#9-225#',NULL,NULL,NULL,NULL,'N',NULL,NULL,63,1,2018),(148682,'2018-01-22 02:11:26','2018-01-22 02:11:26','76682','2018-01-20','00:00:00',149434,24531,24531,'Y',NULL,NULL,NULL,'N',0,'Dicky Beach Caraven Park',679,99,'On ground',NULL,1,NULL,'#29#','#9#','#14#','#14-149#',NULL,NULL,NULL,NULL,NULL,NULL,NULL,5,1,2018),(148684,'2018-01-22 02:14:51','2018-01-22 02:14:51','76684','2018-01-20','00:00:00',149436,33724,33724,'Y',NULL,NULL,NULL,'N',0,'23 Dottere St',1861,99,'On ground',NULL,1,NULL,'#19#','#1#','#3#','#11-211#',NULL,NULL,NULL,NULL,NULL,NULL,NULL,5,1,2018),(148686,'2018-01-22 02:15:08','2018-01-22 02:15:08','76549','2018-01-19','06:30:00',149438,33722,33722,'N','Y','Y',NULL,'N',0,'290 Powell Road',2461,67,'Base of tree','Possible beak and feather disease.  Was trying to climb tree to roost - unable to fly.',1,'12hours','#33#','#3#','#8#','#8-219#',NULL,NULL,NULL,NULL,'N',NULL,NULL,63,1,2018),(148688,'2018-01-22 02:38:52','2018-01-22 02:38:52','76576','2018-01-20','00:00:00',149440,15075,16625,'Y',NULL,NULL,NULL,'N',0,'55 Fleet St',351,67,'On road',NULL,1,NULL,'#19#','#1#','#6#','#6-109#',NULL,NULL,NULL,NULL,NULL,NULL,NULL,5,1,2018),(148690,'2018-01-22 02:41:21','2018-01-22 02:41:21','76577','2018-01-21','00:00:00',149442,15075,16625,'Y',NULL,NULL,NULL,'N',0,'Red Rooster Car Park',1521,67,'On ground',NULL,1,NULL,'#29#','#3#','#12#','#12-173#',NULL,NULL,NULL,NULL,NULL,NULL,NULL,5,1,2018),(148692,'2018-01-22 02:43:39','2018-01-22 02:43:39','76578','2018-01-20','00:00:00',149444,15075,16625,'Y',NULL,NULL,NULL,'N',0,'25 Palmer Ave',899,99,'In tree',NULL,1,NULL,'#53#','#1#','#6#','#6-93#6-205#',NULL,NULL,NULL,NULL,NULL,NULL,NULL,5,1,2018),(148694,'2018-01-22 02:49:24','2018-01-22 02:49:24','76664','2018-01-20','00:00:00',149446,3687,3687,'Y',NULL,NULL,NULL,'N',0,'1 Carree St',387,99,'On ground',NULL,1,NULL,'#5#','#1#','#7#',NULL,NULL,NULL,NULL,NULL,NULL,NULL,NULL,5,1,2018),(148696,'2018-01-22 02:55:09','2018-01-22 02:55:09','76665','2018-01-20','00:00:00',149448,33726,33726,'Y',NULL,NULL,NULL,'N',0,'5 Linsleigh Crt',141,99,'On ground',NULL,1,NULL,'#43#','#1#','#6#','#6-107#',NULL,NULL,NULL,NULL,NULL,NULL,NULL,5,1,2018),(148698,'2018-01-22 02:57:51','2018-01-22 02:57:51','76666','2018-01-20','00:00:00',149450,21877,21877,'Y',NULL,NULL,NULL,'N',0,'68 Lilley St',1001,15,'On ground',NULL,1,NULL,'#29#','#9#','#14#','#14-149#',NULL,NULL,NULL,NULL,NULL,NULL,NULL,5,1,2018),(148700,'2018-01-22 03:01:51','2018-01-22 03:01:51','76667','2018-01-20','00:00:00',149452,21877,21877,'Y',NULL,NULL,NULL,'N',0,'14 Coles Street',51,67,'On ground',NULL,1,NULL,'#33#','#3#','#12#','#12-173#',NULL,NULL,NULL,NULL,NULL,NULL,NULL,5,1,2018),(148702,'2018-01-22 03:03:54','2018-01-22 03:03:54','76568','2018-01-19','09:30:00',149454,20609,20609,'N',NULL,NULL,NULL,'N',0,'Old Gympie Road (Puma Service Station)',351,67,'Other','Can\'t fly',1,NULL,'#19#','#1#','#6#','#6-89#',NULL,NULL,NULL,NULL,'N',NULL,NULL,63,1,2018),(148704,'2018-01-22 03:15:44','2018-01-22 03:15:44','76569','2018-01-19','09:30:00',149456,15075,15075,'N',NULL,NULL,NULL,'N',0,'144 Buckley Road',351,67,'On ground','Not flying',17,NULL,'#29#','#7#9#','#14#','#14-149#',NULL,NULL,NULL,NULL,'N',NULL,NULL,63,1,2018),(148706,'2018-01-22 03:27:57','2018-01-22 03:27:57','76570','2018-01-19','12:45:00',149458,15075,15075,'N',NULL,NULL,NULL,'N',0,'15 Blackall Terrace',1709,99,'On ground','Leg injury',17,NULL,'#19#','#1#','#9#','#9-93#',NULL,NULL,NULL,NULL,'N',NULL,NULL,63,1,2018),(148708,'2018-01-22 03:33:58','2018-01-22 03:33:58','76571','2018-01-19','12:00:00',149460,15075,15075,'N',NULL,NULL,NULL,'N',0,'Statesman Circuit',2237,99,'Other','Orphan - deceased Mum 1 of 2',17,NULL,'#29#','#7#','#6#','#6-155#6-205#',NULL,NULL,NULL,NULL,'N',NULL,NULL,63,1,2018),(148710,'2018-01-22 03:39:12','2018-01-22 03:39:12','76572','2018-01-19','12:00:00',149462,15075,15075,'N',NULL,NULL,NULL,'N',0,'Statesman Circuit',2237,99,'Other','Orphan - Deceased Mum 1 of 2',17,NULL,'#29#','#7#','#6#14#','#6-155#',NULL,NULL,NULL,NULL,'N',NULL,NULL,63,1,2018),(148712,'2018-01-22 04:01:10','2018-01-22 04:01:10','76573','2018-01-19','13:15:00',149464,15075,15075,'N',NULL,NULL,NULL,'N',0,'25 Blanck Street',1389,99,'On ground','Broken wing',17,NULL,'#19#','#1#','#6#','#6-87#6-89#',NULL,NULL,NULL,NULL,'N',NULL,NULL,63,1,2018),(148714,'2018-01-22 04:08:07','2018-01-22 04:08:07','76574','2018-01-19','16:30:00',149466,15075,15075,'N',NULL,NULL,NULL,'N',0,'unknown',351,67,'Pets mouth','CAA',17,NULL,'#5#','#1#','#6#7#','#6-107#',NULL,NULL,NULL,NULL,'N',NULL,NULL,63,1,2018),(148716,'2018-01-22 04:14:24','2018-01-22 04:14:24','76668','2018-01-20','00:00:00',149468,21877,21877,'Y',NULL,NULL,NULL,'N',0,'71 Ironbark Pl',263,15,'Base of tree',NULL,1,NULL,'#55#','#1#','#3#','#3-163#',NULL,NULL,NULL,NULL,NULL,NULL,NULL,5,1,2018),(148718,'2018-01-22 04:26:09','2018-01-22 04:26:09','76651','2018-01-19','08:45:00',149470,33728,33728,'N',NULL,NULL,NULL,'N',0,'72 Eucalyptus Street',147,67,'On ground',NULL,1,NULL,'#19#','#1#','#6#','#6-109#',NULL,NULL,NULL,NULL,'N',NULL,NULL,63,1,2018),(148720,'2018-01-22 04:30:37','2018-01-22 04:30:37','76669','2018-01-20','00:00:00',149472,25996,21877,'Y',NULL,NULL,NULL,'N',0,'Arana Hills area',51,67,'On ground',NULL,1,NULL,'#55#','#1#','#6#','#6-87#6-89#',NULL,NULL,NULL,NULL,NULL,NULL,NULL,5,1,2018),(148722,'2018-01-22 04:30:52','2018-01-22 04:30:52','76652','2018-01-19','10:15:00',149474,12855,12855,'N',NULL,NULL,NULL,'N',0,'on road at end of Bribie Bridge',147,67,'On road',NULL,1,NULL,'#19#','#1#','#6#','#6-89#',NULL,NULL,NULL,NULL,'N',NULL,NULL,63,1,2018),(148724,'2018-01-22 04:32:54','2018-01-22 04:32:54','76670','2018-01-20','00:00:00',149476,6195,6195,'N',NULL,NULL,NULL,'N',0,'Aldi car park',489,15,'On ground',NULL,1,NULL,'#29#','#1#','#6#','#6-109#',NULL,NULL,NULL,NULL,NULL,NULL,NULL,5,1,2018),(148726,'2018-01-22 04:34:18','2018-01-22 04:34:18','76653','2018-01-19','13:15:00',149478,14921,14921,'N',NULL,NULL,NULL,'N',0,'40 Lock Road',2461,67,'Other','Somehow broken thumb ',1,'10 weeks','#29#','#1#7#','#6#','#6-109#',NULL,NULL,NULL,NULL,'N',NULL,NULL,63,1,2018),(148728,'2018-01-22 04:35:39','2018-01-22 04:35:39','76672','2018-01-20','00:00:00',149480,31964,31146,'Y',NULL,NULL,NULL,'N',0,'6 Calais Crt',1219,99,'On road',NULL,1,NULL,'#33#','#1#','#6#11#','#11-77#6-93#6-205#',NULL,NULL,NULL,NULL,NULL,NULL,NULL,5,1,2018),(148734,'2018-01-22 04:44:50','2018-01-22 04:44:50','76673','2018-01-20','00:00:00',149486,31964,31146,'Y',NULL,NULL,NULL,'N',0,'38 Plovers Rd',1875,99,'On road',NULL,1,NULL,'#19#','#1#','#6#','#6-109#',NULL,NULL,NULL,NULL,NULL,NULL,NULL,5,1,2018),(148736,'2018-01-22 04:46:00','2018-01-22 04:46:00','76657','2018-01-19','14:45:00',149488,29496,29496,'N',NULL,NULL,NULL,'N',0,'Caboolture River Road',2015,67,'On ground',NULL,1,'4.5 hrs','#29#','#7#9#','#14#','#14-149#',NULL,NULL,NULL,NULL,'N',NULL,NULL,63,1,2018),(148738,'2018-01-22 04:51:23','2018-01-22 04:51:23','76675','2018-01-20','00:00:00',149490,31964,31146,'Y',NULL,NULL,NULL,'N',0,'3 Quoll Crt',1879,99,'On ground',NULL,1,NULL,'#5#','#1#','#6#','#6-129#6-205#',NULL,NULL,NULL,NULL,NULL,NULL,NULL,5,1,2018),(148740,'2018-01-22 04:53:22','2018-01-22 04:53:22','76658','2018-01-19','15:45:00',149492,26092,26092,'N','Y','Y',NULL,'N',0,'Unknown',817,15,'In pool',NULL,1,'5days','#19#','#9#','#14#','#14-149#',NULL,NULL,NULL,NULL,'Y','Mealworms','5hrs ago',63,1,2018),(148742,'2018-01-22 04:57:59','2018-01-22 04:57:59','76659','2018-01-19','16:00:00',149494,32196,32196,'N',NULL,NULL,NULL,'N',0,'7 Pike Street (O\'Brien Glass)',1225,99,'On ground','Possible brought in by ute - was on ground, inside workshop - no nest or parents around.',1,'8hours','#29#','#7#9#','#14#','#14-149#',NULL,NULL,NULL,NULL,'N',NULL,NULL,63,1,2018),(148744,'2018-01-22 05:01:14','2018-01-22 05:01:14','76676','2018-01-20','00:00:00',149496,17615,17615,'Y',NULL,NULL,NULL,'N',0,'179 Engel Rd',1977,99,'Other',NULL,1,NULL,'#59#','#1#','#7#',NULL,NULL,NULL,NULL,NULL,NULL,NULL,NULL,5,1,2018),(148746,'2018-01-22 05:02:22','2018-01-22 05:02:22','76660','2018-01-19','16:30:00',149498,31146,31146,'N',NULL,NULL,NULL,'N',0,'238 Godfreys Road',1835,99,'On ground','Unable to fly.',1,NULL,'#19#','#1#','#6#','#6-97#',NULL,NULL,NULL,NULL,'N',NULL,NULL,63,1,2018),(148748,'2018-01-22 05:03:57','2018-01-22 05:03:57','76677','2018-01-20','00:00:00',149500,30050,30050,'Y',NULL,NULL,NULL,'N',0,'aust zoo',141,99,'On ground',NULL,1,NULL,'#29#','#9#','#14#','#14-149#',NULL,NULL,NULL,NULL,NULL,NULL,NULL,5,1,2018),(148750,'2018-01-22 05:19:15','2018-01-22 05:19:15','76678','2018-01-20','00:00:00',149502,2023,2023,'Y',NULL,NULL,NULL,'N',0,'Heinemann Rd',1971,81,'In gutter',NULL,1,NULL,'#19#','#1#','#6#','#6-97#',NULL,NULL,NULL,NULL,NULL,NULL,NULL,5,1,2018),(148752,'2018-01-22 05:19:41','2018-01-22 05:19:41','76661','2018-01-19','18:30:00',149504,33730,33730,'N',NULL,NULL,NULL,'N',0,'7 Pike Street (O\'Brien Glass)',1225,99,'Base of tree','Fell from nest.',1,NULL,'#29#','#7#9#','#14#','#14-149#',NULL,NULL,NULL,NULL,'N',NULL,NULL,63,1,2018),(148754,'2018-01-22 05:24:28','2018-01-22 05:24:28','76662','2018-01-19','18:45:00',149506,27508,27508,'N',NULL,NULL,NULL,'N',0,'16 Emu Road',377,67,'Pets mouth',NULL,1,NULL,'#7#','#1#','#8#','#8-205#',NULL,NULL,NULL,NULL,'N',NULL,NULL,63,1,2018),(148758,'2018-01-22 05:43:10','2018-01-22 05:43:10','76679','2018-01-20','00:00:00',149510,22951,22951,'Y',NULL,NULL,NULL,'N',0,'Mary Cains Crossing',1347,99,'On ground',NULL,1,NULL,'#43#','#1#','#6#','#6-205#',NULL,NULL,NULL,NULL,NULL,NULL,NULL,5,1,2018),(148760,'2018-01-22 05:56:57','2018-01-22 05:56:57','76680','2018-01-20','00:00:00',149512,3687,3687,'Y',NULL,NULL,NULL,'N',0,'12 Southerland St',313,99,'On ground',NULL,1,NULL,'#7#','#1#','#7#',NULL,NULL,NULL,NULL,NULL,NULL,NULL,NULL,5,1,2018),(148762,'2018-01-22 05:59:24','2018-01-22 05:59:24','76681','2018-01-20','00:00:00',149514,18927,18927,'Y',NULL,NULL,NULL,'N',0,'Mudjimba area',1671,99,'On ground',NULL,1,NULL,'#59#','#1#','#6#',NULL,NULL,NULL,NULL,NULL,NULL,NULL,NULL,5,1,2018),(148764,'2018-01-22 06:03:15','2018-01-22 06:03:15','76683','2018-01-20','00:00:00',149516,33724,33724,'Y',NULL,NULL,NULL,'N',0,'Kings Beach',1185,99,'On ground',NULL,1,NULL,'#49#','#5#','#9#','#9-225#',NULL,NULL,NULL,NULL,NULL,NULL,NULL,5,1,2018);
/*!40000 ALTER TABLE `azwh_accessions` ENABLE KEYS */;
UNLOCK TABLES;

--
-- Table structure for table `azwh_carer_groups`
--

DROP TABLE IF EXISTS `azwh_carer_groups`;
/*!40101 SET @saved_cs_client     = @@character_set_client */;
 SET character_set_client = utf8mb4 ;
CREATE TABLE `azwh_carer_groups` (
  `id` int(10) NOT NULL AUTO_INCREMENT,
  `name` varchar(100) DEFAULT NULL,
  `permit_number` varchar(50) DEFAULT NULL,
  `permit_valid_to` date DEFAULT NULL,
  PRIMARY KEY (`id`)
) ENGINE=InnoDB AUTO_INCREMENT=57 DEFAULT CHARSET=latin1;
/*!40101 SET character_set_client = @saved_cs_client */;

--
-- Dumping data for table `azwh_carer_groups`
--

LOCK TABLES `azwh_carer_groups` WRITE;
/*!40000 ALTER TABLE `azwh_carer_groups` DISABLE KEYS */;
INSERT INTO `azwh_carer_groups` VALUES (1,'Wildcare','WIRP05472111','2014-07-19'),(3,'Wilvos','WIRP12575713','2016-06-30'),(5,'Arrow','WIRP12185512','2016-02-17'),(7,'BARN',NULL,NULL),(9,'Bribie & District Wildlife Rescue','WIRP16639715','2018-11-22'),(11,'Bat Rescue Inc','WIRP07228913','2016-05-22'),(13,'Bat Con & Rescue BNE',NULL,NULL),(15,'ONARR','WIRP10066711','2014-10-16'),(17,'FAUNA','WIRP07193416','2017-06-30'),(19,'Woop Woop Wildlife Rescue','WIRP16032415','2018-06-03'),(21,'Bats Qld Inc','WIRP12621513',NULL),(23,'BIRO','WIRP03889309',NULL),(25,'Australian Native Animal Rescue and Rehabilitation Association Inc','WIRP13137513','2016-07-15'),(27,'Ipswich Koala Protection Society Inc','WIRP01762310','2013-05-16'),(29,'Ipswich Koala Protection Society Inc (Koalas)','WIRP11720012','2015-08-23'),(31,'Wildlife Rescue Sunshine Coast','WIRP13466513','2017-01-09'),(33,'Australian Bat Clinic','WIRP11124512','2015-04-30'),(35,'Wildlife Rescue, Rehabilitation and Education Association Inc','WIRP13083013','2016-07-15'),(37,'Pine Rivers Koala Care Assoc Inc','WIRP07471713','2016-07-22'),(39,'AACE','WIRP12020312','2015-11-27'),(41,'Fauna Rescue Whitsundays Association','WIRP02854014','2017-03-23'),(43,'Gladstone & District Wildlife Carers Assoc','WIRP10821212','2015-02-22'),(44,'Individual Rehab Permit',NULL,NULL),(46,'Scrub Catchment Group','WIRP16229415','2016-06-30'),(48,'Wildlife Rescue Sunshine Coast','WIRP13466513','2017-10-25'),(50,'Wildlife Action Group Inc','WIRP14660814',NULL),(52,NULL,NULL,NULL),(54,'ANARRA','WIRP13137513',NULL),(56,'Paws & Brooks Nature Sanctuary Inc','WIRP17628016','2019-09-26');
/*!40000 ALTER TABLE `azwh_carer_groups` ENABLE KEYS */;
UNLOCK TABLES;

--
-- Table structure for table `azwh_carer_permits`
--

DROP TABLE IF EXISTS `azwh_carer_permits`;
/*!40101 SET @saved_cs_client     = @@character_set_client */;
 SET character_set_client = utf8mb4 ;
CREATE TABLE `azwh_carer_permits` (
  `id` int(10) NOT NULL AUTO_INCREMENT,
  `carer_id` int(10) DEFAULT NULL,
  `permit_number` varchar(50) DEFAULT NULL,
  `permit_type_id` int(11) DEFAULT NULL,
  `permit_expiry` date DEFAULT NULL,
  `permit_options` varchar(50) DEFAULT '',
  `carer_group_id` int(11) DEFAULT '0',
  PRIMARY KEY (`id`)
) ENGINE=InnoDB AUTO_INCREMENT=679 DEFAULT CHARSET=latin1;
/*!40101 SET character_set_client = @saved_cs_client */;

--
-- Dumping data for table `azwh_carer_permits`
--

LOCK TABLES `azwh_carer_permits` WRITE;
/*!40000 ALTER TABLE `azwh_carer_permits` DISABLE KEYS */;
INSERT INTO `azwh_carer_permits` VALUES (11,3687,'WIRP05513711',0,'2013-06-30',NULL,1),(13,3687,'WIRP02807611',3,'2014-05-17',NULL,0),(27,1615,'WIRP12281812',1,'2016-02-07','#5#',0),(33,17615,'WIRP07288910',1,'2013-06-30','#5#9#15#',3),(37,2023,'WIRP05161311',1,'2014-06-13','#1#3#5#7#9#11#13#',0),(39,16137,'WIRP05513711',1,'2013-06-30','#7#9#13#15#',1),(59,10183,'WIRP07288910',1,'2013-06-30','#5#7#9#',3),(81,12855,NULL,1,NULL,'#15#',13),(121,6031,'WIRP12621513',1,NULL,'#15#',21),(183,1313,'WIRP07288910',1,'2013-06-30','#5#9#',3),(289,15593,'WIRP05513711',1,'2013-06-30','#1#3#5#7#9#11#13#',1),(303,6923,'WIRP05513711',1,'2013-06-30','#5#9#',1),(317,3687,'WIRP05513711',1,'2013-06-30','#9#',1),(319,11287,'WIRP05513711',1,'2013-06-30','#9#',1),(329,3703,NULL,5,NULL,NULL,0),(355,16137,'WIRP05472111',7,'2013-06-30',NULL,1),(365,6195,NULL,1,NULL,'#15#',13),(393,3687,'WIRP12723113',1,'2016-06-06','#5#',0),(449,6923,'WIRP13466513',1,NULL,'#5#7#9#11#',31),(453,3095,'WIRP14079614',1,'2017-02-18','#7#9#11#13#',0),(471,23341,'WIRP10066711',1,'2014-06-30','#7#9#',15),(539,2023,NULL,5,'2017-10-31',NULL,0),(548,26092,'FM801',1,NULL,'#15#',13),(550,26092,NULL,1,'2016-04-15','#15#',13),(552,26092,'WIRP12806913',1,'2016-04-15','#15#',13),(576,2023,'WIRP14996514',5,'2017-10-19',NULL,0),(584,4329,'WIRP16358215',1,'2018-09-30','#5#',44),(600,28720,'WIRP05513714',1,'2014-07-19','#9#',1),(618,29496,'WIRP16639715',1,NULL,'#5#11#',9),(622,23341,'WIRP15178814',1,'2017-10-07','#9#',15),(626,3687,'WIRP14644214',3,'2017-06-15',NULL,0),(634,30268,'WIRP05513714',1,'2017-10-17','#1#3#5#',1),(650,29792,'WIRP12575716',1,'2019-06-30',NULL,3),(654,30268,'WIRP17973616',1,'2020-01-23','#7#9#',1),(656,15303,'WIRP12575716',1,NULL,NULL,3),(658,31146,'WIRP12575716',1,'2019-06-30',NULL,3),(660,31288,'WIRP12575716',1,'2019-06-30',NULL,3),(672,29792,'WIRP13466513',1,'2018-05-23','#9#',31);
/*!40000 ALTER TABLE `azwh_carer_permits` ENABLE KEYS */;
UNLOCK TABLES;

--
-- Table structure for table `azwh_contact_categories`
--

DROP TABLE IF EXISTS `azwh_contact_categories`;
/*!40101 SET @saved_cs_client     = @@character_set_client */;
 SET character_set_client = utf8mb4 ;
CREATE TABLE `azwh_contact_categories` (
  `id` int(10) NOT NULL AUTO_INCREMENT,
  `name` varchar(50) NOT NULL DEFAULT '',
  `description` text,
  PRIMARY KEY (`id`)
) ENGINE=InnoDB AUTO_INCREMENT=31 DEFAULT CHARSET=latin1;
/*!40101 SET character_set_client = @saved_cs_client */;

--
-- Dumping data for table `azwh_contact_categories`
--

LOCK TABLES `azwh_contact_categories` WRITE;
/*!40000 ALTER TABLE `azwh_contact_categories` DISABLE KEYS */;
INSERT INTO `azwh_contact_categories` VALUES (1,'Australia Zoo',NULL),(3,'Australia Zoo Rescue Unit',NULL),(5,'Australian Wildlife Hospital',NULL),(7,'EPA/QPWS',NULL),(9,'ESU',NULL),(11,'General Public',NULL),(13,'Other Government Agency',NULL),(15,'Other NGO',NULL),(17,'Other Ngo - Research',NULL),(19,'Other Zoo/wildlife Park',NULL),(21,'Referral - Veterinarian',NULL),(23,'Wildlife Carer',NULL),(25,'AZWH Volunteer',NULL),(26,'',NULL),(28,'Australia Zoo Wildlife Hospital',NULL),(30,'vet',NULL);
/*!40000 ALTER TABLE `azwh_contact_categories` ENABLE KEYS */;
UNLOCK TABLES;

--
-- Table structure for table `azwh_contacts`
--

DROP TABLE IF EXISTS `azwh_contacts`;
/*!40101 SET @saved_cs_client     = @@character_set_client */;
 SET character_set_client = utf8mb4 ;
CREATE TABLE `azwh_contacts` (
  `id` int(10) NOT NULL AUTO_INCREMENT,
  `firstname` varchar(50) DEFAULT '',
  `lastname` varchar(50) DEFAULT '',
  `salutation` varchar(50) DEFAULT '',
  `phone` varchar(20) DEFAULT '',
  `mobile` varchar(50) DEFAULT '',
  `email` varchar(50) DEFAULT '',
  `address1` varchar(50) DEFAULT '',
  `address2` varchar(50) DEFAULT '',
  `suburb_id` int(11) DEFAULT '0',
  `contact_category_id` int(11) DEFAULT '0',
  `additional_categories` varchar(50) DEFAULT '',
  `carer_group_id` int(11) DEFAULT '0',
  PRIMARY KEY (`id`),
  KEY `suburb_id` (`suburb_id`),
  KEY `contact_category_id` (`contact_category_id`),
  CONSTRAINT `azwh_contacts_ibfk_1` FOREIGN KEY (`suburb_id`) REFERENCES `azwh_suburbs` (`id`),
  CONSTRAINT `azwh_contacts_ibfk_2` FOREIGN KEY (`contact_category_id`) REFERENCES `azwh_contact_categories` (`id`),
  CONSTRAINT `azwh_contacts_ibfk_3` FOREIGN KEY (`suburb_id`) REFERENCES `azwh_suburbs` (`id`),
  CONSTRAINT `azwh_contacts_ibfk_4` FOREIGN KEY (`contact_category_id`) REFERENCES `azwh_contact_categories` (`id`),
  CONSTRAINT `azwh_contacts_ibfk_5` FOREIGN KEY (`suburb_id`) REFERENCES `azwh_suburbs` (`id`),
  CONSTRAINT `azwh_contacts_ibfk_6` FOREIGN KEY (`contact_category_id`) REFERENCES `azwh_contact_categories` (`id`),
  CONSTRAINT `azwh_contacts_ibfk_7` FOREIGN KEY (`suburb_id`) REFERENCES `azwh_suburbs` (`id`),
  CONSTRAINT `azwh_contacts_ibfk_8` FOREIGN KEY (`contact_category_id`) REFERENCES `azwh_contact_categories` (`id`)
) ENGINE=InnoDB AUTO_INCREMENT=33732 DEFAULT CHARSET=latin1;
/*!40101 SET character_set_client = @saved_cs_client */;

--
-- Dumping data for table `azwh_contacts`
--

LOCK TABLES `azwh_contacts` WRITE;
/*!40000 ALTER TABLE `azwh_contacts` DISABLE KEYS */;
INSERT INTO `azwh_contacts` VALUES (655,'Axxxxx','Pxxxxx','','redacted','redacted','redacted','redacted','redacted',NULL,11,'',0),(771,'Axxxxx','Hxxxxx',NULL,'redacted','redacted','redacted','redacted',NULL,663,23,'',17),(899,'Axxxxx','Sxxx',NULL,NULL,'redacted',NULL,'redacted',NULL,771,11,'',0),(1021,'Axxxxx','Exxxxxxxx Sxxxxxx',NULL,'redacted',NULL,'redacted','redacted',NULL,2237,15,'',0),(1313,'Axxxx','Cxxxxxx',NULL,NULL,'redacted','redacted','redacted',NULL,1483,23,'11,23,3',3),(1615,'Bxxxxxx','Bxxxx',NULL,NULL,'redacted',NULL,'redacted',NULL,899,23,'11,23,3',3),(1789,'Bxxxxxx','Kxxxxxx',NULL,NULL,'redacted','redacted','redacted',NULL,683,23,'23,11',15),(2023,'Bxx','Gxxxx',NULL,'redacted','redacted','redacted','redacted',NULL,407,23,'23,11',0),(3095,'Cxxxx','Bxxxx',NULL,'redacted','redacted',NULL,'redacted',NULL,1713,23,'11,23,3',0),(3555,'Cxxxxxxxx','Sxxxxx-Nxxxxx',NULL,'redacted','redacted','redacted','redacted',NULL,1863,11,'',0),(3687,'Cxxxxx','Sxxxx',NULL,'redacted','redacted','redacted','redacted',NULL,1709,23,'23,11',31),(3703,'Cxxxx','Gxxxx',NULL,'redacted','redacted','redacted','redacted',NULL,369,23,'5,11,15,21,23,1',0),(3757,'Cxxxx','Lxxxx',NULL,'redacted','redacted','redacted','redacted',NULL,141,7,'11',0),(4121,'Dxxxx','Jxxxxxx',NULL,NULL,'redacted','redacted','redacted',NULL,877,11,'',0),(4329,'Dxxxx','Bxxxx',NULL,'redacted',NULL,NULL,'redacted',NULL,877,23,'',44),(4613,'Dxxxx','Mxxxxxxx',NULL,'redacted',NULL,NULL,'redacted',NULL,75,11,'',0),(5105,'Dxxxxx','Fxxxxx',NULL,NULL,'redacted','redacted','redacted',NULL,877,11,'',0),(6031,'Gxxxxxxxx','Fxxxxx',NULL,'redacted','redacted','redacted','redacted',NULL,2569,23,'',21),(6195,'Gxxxx','MxLxxxx',NULL,'redacted','redacted',NULL,'redacted',NULL,251,23,'11,21,23,3',13),(6923,'Hxxxxxx','MxMxxxxx',NULL,'redacted','redacted','redacted','redacted',NULL,1219,23,'21,23,11',52),(7905,'Jxxxx','Pxxxxxx',NULL,'redacted','redacted','redacted','redacted',NULL,1263,11,'',0),(8665,'Jx','Axxxxxxx',NULL,'redacted','redacted',NULL,'redacted',NULL,1863,11,'',0),(8695,'Jx','Lxxxxx',NULL,NULL,'redacted',NULL,'redacted',NULL,2333,17,'9,11,15,17,23,5',0),(8707,'Jx','Mxxxx',NULL,NULL,'redacted','redacted','redacted',NULL,141,11,'',0),(9057,'Jxxx','Hxxxxxx',NULL,'redacted','redacted','redacted','redacted',NULL,1579,11,'',0),(9183,'Jxxx','Wxxx','','redacted','redacted','redacted','redacted','redacted',NULL,11,'',0),(9689,'Jxxxxxx','Lxxxx-Jxxxx',NULL,'redacted','redacted','redacted','redacted',NULL,1263,11,'',0),(10025,'Kxxxxxxx','Fxxxxx',NULL,NULL,'redacted','redacted','redacted',NULL,2237,28,'',0),(10183,'Kxxxx','Exxxxxx',NULL,'redacted','redacted','redacted','redacted',NULL,1347,23,'',3),(10583,'Kxx','Rxxxxxxx',NULL,NULL,'redacted','redacted','redacted',NULL,25,11,'',0),(10815,'Kxx','Bxxxxxxx',NULL,NULL,'redacted',NULL,'redacted',NULL,141,11,'',0),(10895,'Kxxxxxxxx','Lxxx',NULL,NULL,'redacted','redacted','redacted',NULL,2461,11,'',0),(11287,'Lxxx','Txxxxxxx','',NULL,'redacted','redacted','redacted','redacted',1263,23,'23,11',1),(12837,'Mxxxxxxx','Jxxxxxx',NULL,'redacted',NULL,'redacted','redacted',NULL,1263,11,'',0),(12855,'Mxxx','Sxxxxxx',NULL,'redacted','redacted','redacted','redacted',NULL,211,23,'15,21,23,11',13),(12925,'Mxxxx','Nxxxxx',NULL,'redacted','redacted','redacted','redacted',NULL,1695,23,'',0),(12971,'Mxxxxxx','Nxxxxxx',NULL,NULL,'redacted','redacted','redacted',NULL,141,11,'',0),(13003,'Mxxx','Bxxxxxx',NULL,'redacted','redacted',NULL,'redacted',NULL,1263,11,'',0),(14921,'Nxxxx','Hxxxx',NULL,NULL,'redacted','redacted','redacted',NULL,2461,23,'',0),(15073,NULL,'ONGO Axxxxxxxx Zxx',NULL,'redacted',NULL,NULL,'redacted',NULL,141,1,'3,5,11,15,23,1',0),(15075,NULL,'ONGO Axxxxxxxx Zxx Rxxxxx Uxxx',NULL,'redacted',NULL,NULL,'redacted',NULL,141,3,'3,5,7,9,11,13,15,19,21,23,1',0),(15087,NULL,'ONGO Cxxxxxxxx Wxxxxxxx Sxxxxxxxx',NULL,'redacted',NULL,NULL,'redacted',NULL,641,23,'13,15,17,19,21,23,5',0),(15103,NULL,'ONGO Mxxxxxx Bxx Kxxxx Rxxxxx',NULL,NULL,'redacted','redacted','redacted',NULL,351,15,'3,5,9,11,13,15,19,21,23,1',0),(15119,'ONGO','RSPCA Qxx',NULL,'redacted','redacted',NULL,'redacted',NULL,2439,15,'',0),(15301,'Pxxxxxxx','Bxxxxxxxx',NULL,'redacted','redacted',NULL,'redacted',NULL,877,11,'',0),(15303,'Txxxx','Hxxxxxxx',NULL,NULL,'redacted',NULL,'redacted',NULL,1709,23,'',3),(15593,'Pxxxxxxx','Hxxxxx',NULL,'redacted','redacted','redacted','redacted',NULL,1563,23,'11,21,23,5',1),(16137,'Rxxxxx','Lxxxx',NULL,'redacted','redacted','redacted','redacted',NULL,1923,23,'11,15,23,3',1),(16517,'Rxxxx','Mxxxx',NULL,NULL,'redacted',NULL,'redacted',NULL,1579,11,'11',0),(16871,'Rxxxx','Bxxxxx',NULL,'redacted','redacted','redacted','redacted',NULL,1263,11,'',0),(17615,'Sxxxx','Rxxxxx',NULL,NULL,'redacted','redacted','redacted',NULL,1347,23,'11,21,23,5',3),(18927,'Sxxxxx','MxKxxxxx',NULL,NULL,'redacted',NULL,'redacted',NULL,1495,1,'',0),(19249,'Sxxxxxx','Dxxxx',NULL,NULL,'redacted','redacted','redacted',NULL,2461,23,'',9),(20381,'Txxxx','Wxxxxxxxx',NULL,'redacted','redacted','redacted','redacted',NULL,7,23,'11,15,21,23,9',33),(20541,'Vxxxxxx','Exxxxxx',NULL,NULL,'redacted','redacted','redacted',NULL,313,23,'11,23,5',3),(20609,NULL,'Bxxxxxxxxx Vxx Sxxxxxx',NULL,NULL,'redacted',NULL,'redacted',NULL,351,21,'',0),(21149,'ONGO','Bxxxxx Dxxxxxxx Wxxxxxxx Rxxxxx',NULL,NULL,'redacted',NULL,'redacted',NULL,261,15,'',0),(21221,'Axxxxx','Kxxxxxxx',NULL,'redacted','redacted','redacted','redacted',NULL,1499,23,'',3),(21323,'Nxxxxxx','Rxxxxxxxxx',NULL,'redacted',NULL,'redacted','redacted',NULL,2305,23,'',0),(21877,'Dxxxxx','Vxx Dxxxxx',NULL,NULL,'redacted','redacted','redacted',NULL,801,23,'',0),(22951,'Cxxx','Pxxxxxx',NULL,NULL,'redacted','redacted','redacted',NULL,13,23,'',0),(22969,'Cxxxxxx','O\'Mxxxxx',NULL,NULL,'redacted','redacted','redacted',NULL,1429,11,'',0),(23057,'Sxxxx','Wxxxxxx',NULL,NULL,'redacted','redacted','redacted',NULL,141,11,'',0),(23307,'Hxxxx','Mxxxxx',NULL,'redacted','redacted','redacted','redacted',NULL,141,11,'',0),(23341,'Bxxxxx','Ixxxx',NULL,'redacted','redacted','redacted','redacted',NULL,267,23,'',15),(23387,'Cxxxxx','Cxxxx',NULL,NULL,'redacted','redacted','redacted',NULL,1861,28,'',0),(23749,'Fxxxx','Hxxxxxxx',NULL,NULL,'redacted','redacted','redacted',NULL,1263,11,'',0),(24455,'Txxxx','Kxxxxxxxxx',NULL,NULL,'redacted',NULL,'redacted',NULL,141,11,'',0),(24531,'Cxxxxxxxx','MxxNxxxxxx',NULL,'redacted',NULL,NULL,'redacted',NULL,679,11,'',0),(24569,'Mxxx','Bxxxxx',NULL,NULL,'redacted','redacted','redacted',NULL,205,23,'',3),(25762,'C','Bxxxxxx',NULL,NULL,NULL,NULL,'redacted',NULL,1197,11,'',0),(25996,'Txxxx','Lxxxxx',NULL,'redacted','redacted',NULL,'redacted',NULL,51,23,'',23),(26046,'Sxxxxx','Gxxxxxx',NULL,NULL,'redacted',NULL,'redacted',NULL,141,3,'',0),(26092,'Mxxxxxxx','Sxxxx',NULL,NULL,'redacted',NULL,'redacted',NULL,2031,23,'',13),(26442,'Bxxxx','Cxxx',NULL,'redacted','redacted','redacted','redacted',NULL,2015,23,'',9),(26602,'Dxxxx','Sxxxxx',NULL,NULL,'redacted','redacted','redacted',NULL,1503,11,'',0),(27062,'Jxxxx','Cxxxx',NULL,NULL,'redacted','redacted','redacted',NULL,1429,28,'',0),(27294,'Rxxxx','Dxxxxx',NULL,NULL,'redacted','redacted','redacted',NULL,1263,11,'',0),(27334,'Txxxxx','Rxxxxxxx',NULL,NULL,'redacted','redacted','redacted','redacted',807,23,'',11),(27508,'Kxxxx','Kxxxxxxxx',NULL,NULL,'redacted','redacted','redacted',NULL,377,11,'',0),(28294,'Mxxxxxx','Pxxxxx',NULL,NULL,'redacted','redacted','redacted',NULL,1847,23,'',3),(28720,'Kxxxx','Cxxxxxxxxx',NULL,NULL,'redacted',NULL,'redacted',NULL,195,23,'',0),(28764,'Kxxxxx','Fxxxxxxx',NULL,NULL,'redacted','redacted','redacted',NULL,877,11,'',0),(28868,'Mxxxxxx','VxxHxxxxxxxxx',NULL,NULL,'redacted','redacted','redacted',NULL,313,23,'',3),(28880,'Jxxxxxx','Cxxxxxxx',NULL,NULL,'redacted','redacted','redacted',NULL,2389,23,'',3),(29176,'Wxxxx','Bxxxxx',NULL,'redacted','redacted',NULL,'redacted',NULL,651,28,'',0),(29496,'Sxxxx','Bxxx',NULL,'redacted','redacted','redacted','redacted',NULL,2015,23,'',9),(29546,'Lxxx','Axxxx',NULL,NULL,'redacted',NULL,'redacted',NULL,351,11,'',0),(29568,'Jxxxx','Sxxxx',NULL,NULL,'redacted','redacted','redacted',NULL,1709,23,'',0),(29792,'Nxxxxx','Cxxxxxx',NULL,'redacted','redacted',NULL,'redacted',NULL,313,23,'',3),(30050,'ONGO','Axxxxxxxx Zxx Wxxxxxxx Hxxxxxxx',NULL,'redacted',NULL,'redacted','redacted',NULL,141,28,'',0),(30244,'Mxxx','Cxxxxxxx',NULL,NULL,'redacted','redacted','redacted',NULL,1389,23,'',11),(30256,'Kxx','Cxxxxxxxx',NULL,NULL,'redacted',NULL,'redacted',NULL,1863,23,'',1),(30268,'Jxxxxx','Oxxxxxx',NULL,'redacted','redacted','redacted','redacted',NULL,937,23,'',1),(30320,'Exxxx','Bxxxxxx',NULL,NULL,'redacted','redacted','redacted',NULL,21,23,'',3),(30408,'Exxxx','Gxxxxxxx',NULL,NULL,'redacted',NULL,'redacted',NULL,1709,11,'',0),(30430,'Dxxxxx','Lxxx',NULL,'redacted',NULL,'redacted','redacted',NULL,891,11,'',0),(30722,'Txxxxx','Wxxxx',NULL,'redacted','redacted','redacted','redacted',NULL,1719,23,'',9),(31146,'Kxxxxx','Mxxxxx',NULL,'redacted','redacted','redacted','redacted',NULL,575,23,'',3),(31288,'Dxxxxx','Mxxxxx',NULL,'redacted','redacted','redacted','redacted',NULL,575,23,'',3),(31370,'Hxxxx','Sxxxxxx',NULL,'redacted','redacted','redacted','redacted',NULL,211,23,'',0),(31400,'Axxxx','Pxxxxxx',NULL,'redacted','redacted','redacted','redacted',NULL,1873,11,'',0),(31806,'Mxxxx','Pxxxxxx',NULL,NULL,'redacted','redacted','redacted',NULL,351,23,'',0),(31964,'ONGO','Wxxxxxxx Rxxxxx Sxxxxxxx Cxxxx',NULL,NULL,'redacted',NULL,'redacted',NULL,1849,15,'',0),(32196,'Dxx','Mxxxx',NULL,NULL,'redacted',NULL,'redacted',NULL,1219,11,'',0),(32282,'Axxx','xxxxx xxxxxxx - xxxxxxxx',NULL,NULL,'redacted','redacted','redacted',NULL,2569,11,'',0),(32452,'Axxx','Exxxx',NULL,'redacted','redacted','redacted','redacted',NULL,751,11,'',0),(32730,'Jxxxxxxx','Exxxxxx',NULL,NULL,'redacted',NULL,'redacted',NULL,1945,23,'',0),(32750,'Jxxxx','Cxxxxxxx',NULL,NULL,'redacted','redacted','redacted',NULL,141,11,'',0),(33032,'Cxxxx','Ixxx',NULL,NULL,'redacted','redacted','redacted',NULL,389,11,'',0),(33062,'Nxxxxx','Txxxxxx',NULL,NULL,'redacted','redacted','redacted',NULL,1389,11,'',0),(33118,'Txxxx','Mxxxxxxx',NULL,NULL,'redacted',NULL,'redacted',NULL,141,23,'',0),(33166,'Lxxxxx','Kxxxxx',NULL,NULL,'redacted','redacted','redacted',NULL,129,11,'',0),(33292,'Jxxxxxxx','Hxxxxx',NULL,NULL,'redacted',NULL,'redacted',NULL,2796,11,'',0),(33430,'Cxx','Rxxxxxx',NULL,'redacted','redacted','redacted','redacted',NULL,1361,11,'',0),(33528,'Wxxxxxx','Fxxxxx',NULL,NULL,'redacted',NULL,'redacted',NULL,2103,11,'',0),(33538,'Axxxxxxxx','Pxxxx',NULL,NULL,'redacted',NULL,NULL,NULL,NULL,11,'',0),(33540,'Pxxx','Mxxx',NULL,NULL,'redacted',NULL,'redacted',NULL,2637,11,'',0),(33544,'Mxxxxxx','Fxxxxxx',NULL,NULL,'redacted',NULL,'redacted',NULL,1521,11,'',0),(33546,'Bxx','Pxxxxxxx',NULL,NULL,NULL,NULL,'redacted','redacted',141,1,'',0),(33554,'Cxxxx','Hxxxxxxxxx',NULL,NULL,'redacted',NULL,'redacted',NULL,377,11,'',0),(33556,'Axxxxx','Axxxxxx',NULL,NULL,'redacted',NULL,'redacted',NULL,387,11,'',0),(33560,'Pxxxx','MxMxxxx',NULL,NULL,'redacted',NULL,'redacted',NULL,93,11,'',0),(33562,'Ixx','Mxxxxx',NULL,NULL,'redacted',NULL,'redacted',NULL,141,11,'',0),(33564,'Sxxxxx','Bxxxxx',NULL,NULL,'redacted',NULL,'redacted',NULL,1503,11,'',0),(33566,'Mxxxxx','Bxxxx',NULL,NULL,'redacted',NULL,'redacted',NULL,1287,11,'',0),(33570,'Sxxx','Pxxxxxx',NULL,NULL,'redacted',NULL,'redacted',NULL,419,11,'',0),(33576,'Bxxxx','Hxxx',NULL,'redacted','redacted',NULL,'redacted',NULL,771,11,'',0),(33578,'Mxxxxxxx','Cxxxxxxx',NULL,NULL,'redacted',NULL,'redacted',NULL,377,11,'',0),(33582,'Dxxxx','Hxxxxx',NULL,NULL,'redacted',NULL,'redacted',NULL,1049,11,'',0),(33584,'Cxxxxxxx','Dxxxxx',NULL,NULL,'redacted',NULL,'redacted',NULL,1109,11,'',0),(33586,'Sxxxxxx','Sxxxxxx',NULL,NULL,'redacted',NULL,'redacted',NULL,2103,11,'',0),(33588,'Sxxxx','Gxxxxxxx',NULL,'redacted',NULL,NULL,'redacted',NULL,1521,11,'',0),(33590,'Hxxxx','Gxxxxxx',NULL,NULL,'redacted',NULL,'redacted',NULL,141,11,'',0),(33592,'Mxxxxxxx','Vxx Dxx Exxx',NULL,NULL,'redacted','redacted','redacted',NULL,983,11,'',0),(33594,'Lxxxxx','Pxxxxxx',NULL,'redacted','redacted','redacted','redacted',NULL,901,11,'',0),(33596,'Mxxxxx & Bxxx','Sxxxxxxx',NULL,'redacted','redacted',NULL,'redacted',NULL,377,11,'',0),(33598,'Sxxxxxx','Jxxxx',NULL,NULL,'redacted','redacted','redacted',NULL,2103,11,'',0),(33600,'Sxxxx','Gxx',NULL,NULL,'redacted',NULL,'redacted',NULL,141,11,'',0),(33602,'Nxxxxx','Fxxxxxx',NULL,NULL,'redacted',NULL,'redacted',NULL,1287,11,'',0),(33606,'Exxxx','Rxxx',NULL,NULL,'redacted','redacted','redacted',NULL,1503,11,'',0),(33608,'Bxxxxxxxx','Hxxxxx',NULL,NULL,'redacted',NULL,'redacted',NULL,377,11,'',0),(33610,'Txxxx','Jxxxx',NULL,NULL,'redacted',NULL,'redacted',NULL,2461,11,'',0),(33614,'Cxxxxxxxx','Lxxxxx',NULL,NULL,'redacted',NULL,'redacted',NULL,351,11,'',0),(33616,'Hxxxxxx','Uxxxxxxx',NULL,NULL,'redacted','redacted','redacted',NULL,1849,11,'',0),(33618,'Vxxxxxxx','Pxxxxxxxx',NULL,NULL,'redacted','redacted','redacted',NULL,21,11,'',0),(33620,'Sxxxxxxxx','Hxxxxx',NULL,NULL,'redacted','redacted','redacted',NULL,1467,11,'',0),(33622,'Bxx','Rxxxxxxx',NULL,'redacted','redacted','redacted','redacted',NULL,1503,11,'',0),(33624,'Dxxx','Lxxxx',NULL,NULL,'redacted','redacted','redacted',NULL,599,11,'',0),(33626,'Lxxxx','Dxxxx',NULL,NULL,'redacted','redacted','redacted',NULL,1503,11,'',0),(33628,'Txxx','Axxxxxx',NULL,NULL,'redacted','redacted','redacted',NULL,387,11,'',0),(33630,'Jxxxxx','Gxxxxxxxxx',NULL,NULL,'redacted',NULL,'redacted',NULL,639,11,'',0),(33632,'Lxxxx','Oxxxxxx',NULL,NULL,'redacted','redacted','redacted',NULL,389,11,'',0),(33636,'Cxxxx','Axxx',NULL,NULL,'redacted',NULL,'redacted',NULL,125,11,'',0),(33638,'Jxxxx','Vxxxxxx',NULL,NULL,'redacted','redacted','redacted',NULL,389,11,'',0),(33640,'Jxxx','Gxxxxxx',NULL,'redacted','redacted','redacted','redacted',NULL,1219,11,'',0),(33642,'Bxxxxxx','Exxxx',NULL,NULL,NULL,'redacted','redacted',NULL,2635,11,'',0),(33644,'Bxxxxxx','Txxxxx',NULL,NULL,'redacted','redacted','redacted',NULL,877,11,'',0),(33646,'Lxxxxx','Pxxxxx',NULL,NULL,'redacted','redacted','redacted',NULL,1287,11,'',0),(33648,'Kxxxx','Dxxxxxxx',NULL,'redacted','redacted','redacted','redacted',NULL,877,11,'',0),(33650,'Sxxxx','Wxxxx',NULL,NULL,'redacted','redacted','redacted',NULL,877,11,'',0),(33652,'Axxxxx','Bxxxx',NULL,NULL,'redacted',NULL,'redacted',NULL,639,11,'',0),(33654,'Bxxxx','Cxxxx',NULL,NULL,'redacted','redacted','redacted',NULL,1347,11,'',0),(33660,'Cxxxxxx','Pxxxxx',NULL,NULL,NULL,NULL,'redacted',NULL,1521,11,'',0),(33662,'Axxx','Rxxxxxx',NULL,NULL,'redacted',NULL,'redacted',NULL,1495,11,'',0),(33664,'Wxxxx','Sxxxx',NULL,'redacted','redacted','redacted','redacted',NULL,139,11,'',0),(33666,'Lxxx','Vxxxxxx',NULL,NULL,'redacted','redacted','redacted',NULL,75,11,'',0),(33668,'Bxxxxx','Dx Pxx',NULL,NULL,'redacted','redacted','redacted',NULL,141,11,'',0),(33670,'Dxxxxx','Qxxxxx',NULL,NULL,'redacted','redacted','redacted',NULL,1835,11,'',0),(33672,'Cxxxx','Axxxxx',NULL,NULL,'redacted',NULL,'redacted',NULL,313,11,'',0),(33674,'Cxxxx','Exxxxxx',NULL,NULL,'redacted',NULL,'redacted',NULL,1495,11,'',0),(33676,'Mxxxxxx','Txxxxxx',NULL,NULL,'redacted',NULL,'redacted',NULL,2595,11,'',0),(33678,'Nxxxxx','Cxxxxxxxxx',NULL,NULL,'redacted',NULL,'redacted',NULL,313,11,'',0),(33680,'Jxxxxx','Mxxxxx',NULL,NULL,'redacted',NULL,'redacted',NULL,1521,11,'',0),(33682,'Sxxxxxx','Gxxxxx',NULL,'redacted','redacted','redacted','redacted',NULL,313,11,'',0),(33684,'Dxxx','Txxxxxxx',NULL,NULL,'redacted',NULL,'redacted',NULL,141,11,'',0),(33686,'Jxxxxx','Exxxxxx',NULL,NULL,'redacted','redacted','redacted',NULL,899,11,'',0),(33688,'Txxxxx','Pxxxxx',NULL,NULL,'redacted',NULL,'redacted',NULL,1263,11,'',0),(33690,'Rxxxxx','Bxxxxx',NULL,NULL,'redacted','redacted','redacted',NULL,2103,11,'',0),(33692,'Kxxxx','Bxxxxx',NULL,NULL,'redacted',NULL,'redacted',NULL,1129,11,'',0),(33694,'Pxxxx','Kxxxxx',NULL,NULL,'redacted','redacted','redacted',NULL,1263,11,'',0),(33696,'Jxxxx','Mxxxxx',NULL,'redacted',NULL,NULL,'redacted',NULL,2065,11,'',0),(33698,'Jxxxx','Hxxxxxx',NULL,NULL,'redacted','redacted','redacted',NULL,21,11,'',0),(33700,'Kxxxxxxx','Hxxxxx',NULL,NULL,'redacted',NULL,'redacted',NULL,877,11,'',0),(33702,'R','Wxxxxxxx',NULL,NULL,'redacted',NULL,'redacted',NULL,877,11,'',0),(33704,'Hxxxx','Wxxxxx',NULL,NULL,'redacted','redacted','redacted',NULL,351,11,'',0),(33706,'Lxxxxx','Hxxxxxxx',NULL,NULL,'redacted','redacted','redacted',NULL,141,11,'',0),(33708,'Dxx','Jxxxx',NULL,NULL,'redacted',NULL,'redacted',NULL,377,11,'',0),(33710,'Lxxx','Cxxxxxxx',NULL,NULL,'redacted','redacted','redacted',NULL,2185,11,'',0),(33712,'Dxxxx','Vxxxx',NULL,NULL,'redacted',NULL,'redacted',NULL,1863,11,'',0),(33714,'Gxxxxxxx','Axxxxx',NULL,NULL,'redacted','redacted','redacted','redacted',1007,11,'',0),(33716,'Rxxxxxx','Txxxxx',NULL,NULL,'redacted','redacted','redacted',NULL,389,11,'',0),(33718,'Rxxxxxx','Sxxxxxxxx',NULL,NULL,'redacted',NULL,'redacted',NULL,1359,23,'',0),(33722,'Jxxxxxx','Dxxxx',NULL,NULL,'redacted',NULL,'redacted',NULL,2461,11,'',0),(33724,'Mxxxx','Sxxxxxxx',NULL,NULL,'redacted',NULL,'redacted',NULL,2611,11,'',0),(33726,'Cxxxxxx','Vxxx',NULL,NULL,'redacted',NULL,'redacted',NULL,141,11,'',0),(33728,'Jxxxxx','Kxxxxx',NULL,NULL,'redacted',NULL,'redacted',NULL,211,11,'',0),(33730,'Gxxx','MxLxxx',NULL,NULL,'redacted',NULL,'redacted',NULL,1401,11,'',0);
/*!40000 ALTER TABLE `azwh_contacts` ENABLE KEYS */;
UNLOCK TABLES;

--
-- Table structure for table `azwh_jurisdictions`
--

DROP TABLE IF EXISTS `azwh_jurisdictions`;
/*!40101 SET @saved_cs_client     = @@character_set_client */;
 SET character_set_client = utf8mb4 ;
CREATE TABLE `azwh_jurisdictions` (
  `id` int(10) NOT NULL AUTO_INCREMENT,
  `name` varchar(100) NOT NULL,
  PRIMARY KEY (`id`)
) ENGINE=InnoDB AUTO_INCREMENT=119 DEFAULT CHARSET=latin1;
/*!40101 SET character_set_client = @saved_cs_client */;

--
-- Dumping data for table `azwh_jurisdictions`
--

LOCK TABLES `azwh_jurisdictions` WRITE;
/*!40000 ALTER TABLE `azwh_jurisdictions` DISABLE KEYS */;
INSERT INTO `azwh_jurisdictions` VALUES (1,'Atherton Shire Council'),(3,'Ballina'),(5,'Balonne Shire Council'),(7,'Banana Shire Council'),(9,'Barcaldine Regional Council'),(11,'Beaudesert Shire Council'),(13,'Blackall Tambo Regional Council'),(15,'Brisbane City Council'),(17,'Bundaberg Regional Council'),(19,'Burdekin Shire Council'),(21,'Burke Shire Council'),(23,'Byron '),(25,'Cairns Regional Council'),(27,'Central Highlands Regional Council'),(29,'Chinchilla Shire Council'),(31,'Cook Shire Council'),(33,'Cooloola Shire Council'),(35,'Dalby Regional Council'),(37,'Diamantina Shire Council'),(39,'Fraser Coast Regional Council'),(41,'Gladstone Regional Council'),(43,'Gold Coast City'),(45,'Goondiwindi Regional Council'),(47,'Gympie Regional Council'),(49,'Ipswich City'),(51,'Isaac Regional Council'),(53,'Kyogle'),(55,'Lismore'),(57,'Lockyer Valley Regional Council'),(59,'Logan City Council'),(61,'Longreach Regional Council'),(63,'Mackay Regional Council'),(65,'McKinlay Shire Council'),(67,'Moreton Bay Regional Council'),(69,'Murweh Shire Council'),(71,'Napranum Shire Council'),(73,'North Burnett Regional Council'),(75,'Out Of State'),(77,'Paroo Shire Council'),(79,'Quilpie Shire Council'),(81,'Redland Shire Council'),(83,'Richmond Shire Council'),(85,'Rockhampton Regional Council'),(87,'Roma Regional Council'),(89,'Sarina Shire Council'),(91,'Scenic Rim Regional Council'),(93,'Somerset Regional Council'),(95,'South Burnett Regional Council'),(97,'Southern Downs Regional Council'),(99,'Sunshine Coast Regional Council'),(101,'Tablelands Regional Council'),(103,'Toowoomba Regional Council'),(105,'Townsville City Council'),(107,'Walgett Shire Council'),(109,'Weipa Town Council'),(111,'Western Downs Regional Council'),(113,'Whitsunday Regional Council'),(115,'Winton Shire Council'),(117,'Mount Isa City Council'),(118,'Seisia Island Council');
/*!40000 ALTER TABLE `azwh_jurisdictions` ENABLE KEYS */;
UNLOCK TABLES;

--
-- Table structure for table `azwh_patient_notes`
--

DROP TABLE IF EXISTS `azwh_patient_notes`;
/*!40101 SET @saved_cs_client     = @@character_set_client */;
 SET character_set_client = utf8mb4 ;
CREATE TABLE `azwh_patient_notes` (
  `id` int(11) NOT NULL AUTO_INCREMENT,
  `patient_id` int(11) DEFAULT NULL,
  `notes` text,
  `create_ts` datetime DEFAULT NULL,
  PRIMARY KEY (`id`),
  KEY `patient_id` (`patient_id`),
  CONSTRAINT `azwh_patient_notes_ibfk_1` FOREIGN KEY (`patient_id`) REFERENCES `azwh_patients` (`id`)
) ENGINE=InnoDB DEFAULT CHARSET=utf8mb4 COLLATE=utf8mb4_0900_ai_ci;
/*!40101 SET character_set_client = @saved_cs_client */;

--
-- Dumping data for table `azwh_patient_notes`
--

LOCK TABLES `azwh_patient_notes` WRITE;
/*!40000 ALTER TABLE `azwh_patient_notes` DISABLE KEYS */;
/*!40000 ALTER TABLE `azwh_patient_notes` ENABLE KEYS */;
UNLOCK TABLES;

--
-- Table structure for table `azwh_patients`
--

DROP TABLE IF EXISTS `azwh_patients`;
/*!40101 SET @saved_cs_client     = @@character_set_client */;
 SET character_set_client = utf8mb4 ;
CREATE TABLE `azwh_patients` (
  `id` int(10) NOT NULL AUTO_INCREMENT,
  `animal_id` int(10) NOT NULL DEFAULT '0',
  `qpws_number` varchar(50) DEFAULT '',
  `name` varchar(50) DEFAULT '',
  `age` varchar(50) DEFAULT '',
  `maturity` varchar(50) DEFAULT '0',
  `weight` varchar(50) DEFAULT '0',
  `sex` enum('M','F','U','') DEFAULT '',
  `microchip` varchar(50) DEFAULT '',
  `koala_tag` varchar(20) DEFAULT '',
  `turtle_tag` varchar(20) DEFAULT '',
  `ear_left_tag` varchar(20) DEFAULT '',
  `ear_right_tag` varchar(20) DEFAULT '',
  `taxon_id_vet` int(11) DEFAULT '0',
  `species_id_vet` int(11) DEFAULT '0',
  `entered_by_id` int(11) DEFAULT '0',
  PRIMARY KEY (`id`),
  KEY `taxon_id_vet` (`taxon_id_vet`),
  KEY `species_id_vet` (`species_id_vet`),
  CONSTRAINT `azwh_patients_ibfk_1` FOREIGN KEY (`taxon_id_vet`) REFERENCES `azwh_taxon` (`id`),
  CONSTRAINT `azwh_patients_ibfk_2` FOREIGN KEY (`species_id_vet`) REFERENCES `azwh_species` (`id`),
  CONSTRAINT `azwh_patients_ibfk_3` FOREIGN KEY (`species_id_vet`) REFERENCES `azwh_species` (`id`)
) ENGINE=InnoDB AUTO_INCREMENT=149518 DEFAULT CHARSET=latin1;
/*!40101 SET character_set_client = @saved_cs_client */;

--
-- Dumping data for table `azwh_patients`
--

LOCK TABLES `azwh_patients` WRITE;
/*!40000 ALTER TABLE `azwh_patients` DISABLE KEYS */;
INSERT INTO `azwh_patients` VALUES (93189,124788,NULL,NULL,NULL,'Juvenile','0.04','U',NULL,NULL,NULL,NULL,NULL,7,733,11),(148518,231242,NULL,'Sweep',NULL,'Subadult','0','F',NULL,NULL,NULL,NULL,NULL,19,263,5),(148544,231289,NULL,'Joey',NULL,'Juvenile','0.09','U',NULL,NULL,NULL,NULL,NULL,7,635,5),(148550,231293,NULL,'Cosmopolitan',NULL,'Juvenile','0.048','U',NULL,NULL,NULL,NULL,NULL,7,215,5),(148556,231304,NULL,NULL,NULL,'Adult','0.02','F',NULL,NULL,NULL,NULL,NULL,7,673,5),(148558,231307,NULL,NULL,NULL,'Juvenile','0.003','M',NULL,NULL,NULL,NULL,NULL,21,1072,5),(148560,231310,NULL,NULL,NULL,'Juvenile','0.003','M',NULL,NULL,NULL,NULL,NULL,21,1072,5),(148562,231313,NULL,'Tanu',NULL,'Subadult','2.5','F',NULL,NULL,NULL,NULL,NULL,35,699,5),(148564,231316,NULL,NULL,NULL,'Juvenile','0.22','U',NULL,NULL,NULL,NULL,NULL,7,179,5),(148566,231319,NULL,'Super T',NULL,'Adult','0.38','U',NULL,NULL,NULL,NULL,NULL,7,843,5),(148568,231322,NULL,NULL,NULL,'Juvenile','0.055','U',NULL,NULL,NULL,NULL,NULL,7,541,5),(148570,231325,NULL,NULL,NULL,'Adult','0.133','U',NULL,NULL,NULL,NULL,NULL,7,675,5),(148572,231328,NULL,NULL,NULL,'Adult','0.3','U',NULL,NULL,NULL,NULL,NULL,7,843,5),(148574,231905,NULL,'Wilma',NULL,'Juvenile','0.09','U',NULL,NULL,NULL,NULL,NULL,7,327,5),(148576,231334,NULL,'Fluffy Duck',NULL,'Adult','0.5','F',NULL,NULL,NULL,NULL,NULL,17,77,5),(148578,231337,NULL,NULL,NULL,'Adult','0.27','U',NULL,NULL,NULL,NULL,NULL,7,843,5),(148580,231340,NULL,NULL,NULL,'Adult','0.05','U',NULL,NULL,NULL,NULL,NULL,5,799,5),(148582,231344,NULL,'Stumbles',NULL,'Adult','0.24','U',NULL,NULL,NULL,NULL,NULL,7,29,5),(148584,231347,NULL,'Pip',NULL,'Subadult','0.25','U',NULL,NULL,NULL,NULL,NULL,7,29,5),(148586,231350,NULL,'Nouvea',NULL,'Adult','0.08','F',NULL,NULL,NULL,NULL,NULL,47,281,5),(148588,231353,NULL,'Piper',NULL,'Adult','1.62','U',NULL,NULL,NULL,NULL,NULL,13,649,5),(148590,231356,NULL,NULL,NULL,'Adult','0.104','U',NULL,NULL,NULL,NULL,NULL,7,675,5),(148594,231956,NULL,NULL,NULL,'Juvenile','0.08','U',NULL,NULL,NULL,NULL,NULL,17,417,5),(148596,231370,NULL,'Potter',NULL,'Juvenile','0.167','M',NULL,NULL,NULL,NULL,NULL,17,77,5),(148598,231374,NULL,NULL,NULL,'Juvenile','0.004','U',NULL,NULL,NULL,NULL,NULL,7,677,5),(148602,231382,NULL,NULL,NULL,'Juvenile','0.002','U',NULL,NULL,NULL,NULL,NULL,7,677,5),(148606,231389,NULL,'Brooklyn',NULL,'Adult','0.134','U',NULL,NULL,NULL,NULL,NULL,7,675,5),(148610,231395,NULL,'Oli',NULL,'Adult','0.34','U',NULL,NULL,NULL,NULL,NULL,7,485,5),(148612,232147,NULL,'Craig',NULL,'Juvenile','0.19','U',NULL,NULL,NULL,NULL,NULL,7,485,5),(148618,231416,'A','Wally','10 Years','Adult','8.1','M',NULL,NULL,NULL,NULL,NULL,33,469,5),(148620,231420,NULL,'Derek',NULL,'Juvenile','0.018','U',NULL,NULL,NULL,NULL,NULL,47,659,5),(148622,231425,NULL,'Corey',NULL,'Juvenile','2.06','M',NULL,NULL,NULL,NULL,NULL,35,265,5),(148626,231429,NULL,'Spring',NULL,'Juvenile','0.028','F',NULL,NULL,NULL,NULL,NULL,37,809,5),(148628,231436,NULL,'Bruce',NULL,'Subadult','0.007','M',NULL,NULL,NULL,NULL,NULL,19,261,5),(148630,231441,NULL,'Bell',NULL,'Subadult','0.004','M',NULL,NULL,NULL,NULL,NULL,19,67,5),(148634,232066,NULL,'Bobby',NULL,'Juvenile','0.32','U',NULL,NULL,NULL,NULL,NULL,13,629,5),(148636,231453,NULL,'Yamba',NULL,'Subadult','0.043','U',NULL,NULL,NULL,NULL,NULL,7,733,5),(148640,231462,NULL,'Slick',NULL,'Subadult','1.56','F',NULL,NULL,NULL,NULL,NULL,37,201,5),(148642,231466,NULL,'Polly',NULL,'Juvenile','0.16','F',NULL,NULL,NULL,NULL,NULL,17,77,5),(148646,231474,NULL,NULL,NULL,'Adult','0.84','U',NULL,NULL,NULL,NULL,NULL,13,663,5),(148648,231479,NULL,NULL,NULL,'Subadult','0.13','F',NULL,NULL,NULL,NULL,NULL,47,281,5),(148650,231482,NULL,'R2D2',NULL,'Juvenile','0.002','U',NULL,NULL,NULL,NULL,NULL,7,495,5),(148652,231485,NULL,NULL,NULL,'Adult','0.69','F',NULL,NULL,NULL,NULL,NULL,37,713,5),(148656,231494,NULL,'Baby 1',NULL,'Juvenile','0.16','M',NULL,NULL,NULL,NULL,NULL,17,77,5),(148658,231499,NULL,'Cranky',NULL,'Juvenile','0.18','M',NULL,NULL,NULL,NULL,NULL,17,77,5),(148662,231505,NULL,NULL,NULL,'Adult','0.011','M',NULL,NULL,NULL,NULL,NULL,19,67,5),(148664,231511,NULL,NULL,NULL,'Adult','0.46','U',NULL,NULL,NULL,NULL,NULL,47,103,5),(148666,231514,NULL,NULL,NULL,'Adult','0.064','U',NULL,NULL,NULL,NULL,NULL,7,527,5),(148668,231518,NULL,NULL,NULL,'Juvenile','0.09','U',NULL,NULL,NULL,NULL,NULL,7,405,5),(148670,231521,NULL,NULL,NULL,'Juvenile','0.111','M',NULL,NULL,NULL,NULL,NULL,37,713,5),(148672,231524,NULL,NULL,NULL,'Adult','0.23','U',NULL,NULL,NULL,NULL,NULL,7,843,5),(148674,231529,NULL,'Headley',NULL,'Adult','0.52','U',NULL,NULL,NULL,NULL,NULL,47,65,5),(148676,231533,NULL,'Eddington',NULL,'Subadult','0.52','M',NULL,NULL,NULL,NULL,NULL,13,663,5),(148678,231536,NULL,'Helen',NULL,'Juvenile','0.12','U',NULL,NULL,NULL,NULL,NULL,7,675,5),(148682,231546,NULL,'Mary ',NULL,'Juvenile','0.127','F',NULL,NULL,NULL,NULL,NULL,37,201,5),(148684,231549,NULL,NULL,NULL,'Adult','0.011','M',NULL,NULL,NULL,NULL,NULL,19,367,5),(148686,231552,NULL,'Lala',NULL,'Adult','0.087','U',NULL,NULL,NULL,NULL,NULL,7,675,5),(148690,231561,NULL,'Clementine',NULL,'Juvenile','0.14','F',NULL,NULL,NULL,NULL,NULL,17,77,5),(148694,231568,NULL,'Ruby',NULL,'Juvenile','0.15','F',NULL,NULL,NULL,NULL,NULL,17,77,5),(148696,231572,NULL,NULL,NULL,'Egg','0.5','U',NULL,NULL,NULL,NULL,NULL,51,171,5),(148698,231576,NULL,'Ralph',NULL,'Adult','2.5','M',NULL,NULL,NULL,NULL,NULL,37,201,5),(148708,231598,NULL,'Jasper',NULL,'Juvenile','0.084','U',NULL,NULL,NULL,NULL,NULL,7,327,5),(148710,231601,NULL,NULL,NULL,'Adult','0.19','U',NULL,NULL,NULL,NULL,NULL,7,345,5),(148712,231604,NULL,NULL,NULL,'Adult','0.06','U',NULL,NULL,NULL,NULL,NULL,7,515,5),(148714,231608,NULL,'Fergus',NULL,'Adult','0.058','U',NULL,NULL,NULL,NULL,NULL,3,399,5),(148716,231615,NULL,'Gasket',NULL,'Juvenile','0.06','U',NULL,NULL,NULL,NULL,NULL,7,327,5),(148720,231908,NULL,NULL,NULL,'Juvenile','0.055','U',NULL,NULL,NULL,NULL,NULL,7,541,5),(148724,231629,NULL,NULL,NULL,'Adult','0.48','F',NULL,NULL,NULL,NULL,NULL,7,831,5),(148726,231632,NULL,'Petzl',NULL,'Adult','2.03','F',NULL,NULL,NULL,NULL,NULL,53,119,5),(148728,231635,NULL,NULL,NULL,'Adult','0.32','M',NULL,NULL,NULL,NULL,NULL,47,281,5),(148730,231642,NULL,NULL,NULL,'Juvenile','0.08','U',NULL,NULL,NULL,NULL,NULL,7,183,5),(148734,231652,NULL,'Apple',NULL,'Juvenile','0.133','M',NULL,NULL,NULL,NULL,NULL,37,201,80),(148736,231650,NULL,NULL,NULL,'Juvenile','0.19','U',NULL,NULL,NULL,NULL,NULL,7,485,5),(148740,231657,NULL,'Ollie',NULL,'Juvenile','0.24','M',NULL,NULL,NULL,NULL,NULL,17,77,5),(148742,231661,NULL,NULL,NULL,'Subadult','0.38','U',NULL,NULL,NULL,NULL,NULL,13,945,5),(148744,231665,NULL,NULL,NULL,'Adult','0.02','M',NULL,NULL,NULL,NULL,NULL,7,287,5),(148746,231676,NULL,'Olive',NULL,'Juvenile','0.005','F',NULL,NULL,NULL,NULL,NULL,31,957,80),(148748,231965,NULL,'Peachie',NULL,'Adult','2','F',NULL,NULL,NULL,NULL,NULL,53,119,5),(148750,231679,NULL,'Winky 4',NULL,'Juvenile','0.19','M',NULL,NULL,NULL,NULL,NULL,17,77,5),(148752,231686,NULL,'Buddy',NULL,'Subadult','0.48','U',NULL,NULL,NULL,NULL,NULL,7,853,63),(148754,231689,NULL,'Lori',NULL,'Adult','0.104','U',NULL,NULL,NULL,NULL,NULL,7,675,80),(148756,231692,NULL,NULL,NULL,'Subadult','0.2','U',NULL,NULL,NULL,NULL,NULL,7,29,5),(148758,231705,NULL,'Dort',NULL,'Juvenile','0.098','U',NULL,NULL,NULL,NULL,NULL,7,327,63),(148760,231698,NULL,NULL,NULL,'Adult','0.1','U',NULL,NULL,NULL,NULL,NULL,7,101,5),(148762,231703,NULL,'Bitey',NULL,'Juvenile','0.009','M',NULL,NULL,NULL,NULL,NULL,31,123,80),(148764,231707,NULL,'Jonny',NULL,'Juvenile','1.94','M',NULL,NULL,NULL,NULL,NULL,35,265,5),(148766,231712,NULL,'Fatty',NULL,'Juvenile','0.009','M',NULL,NULL,NULL,NULL,NULL,31,123,80),(148774,231729,NULL,'Julia',NULL,'Juvenile','0.084','U',NULL,NULL,NULL,NULL,NULL,7,647,63),(148776,231733,NULL,'Night Faller',NULL,'Juvenile','0.07','U',NULL,NULL,NULL,NULL,NULL,7,541,80),(148780,231741,NULL,'Stumpy',NULL,'Juvenile','0.009','F',NULL,NULL,NULL,NULL,NULL,31,123,80),(148782,231745,NULL,NULL,NULL,'Subadult','0.24','U',NULL,NULL,NULL,NULL,NULL,7,29,63),(148784,231904,NULL,'Diamond',NULL,'Juvenile','8','M',NULL,NULL,NULL,NULL,NULL,35,265,80),(148788,231757,NULL,'George',NULL,'Juvenile','0.26','U',NULL,NULL,NULL,NULL,NULL,7,485,80),(148790,231762,NULL,NULL,NULL,'Subadult','4.55','U',NULL,NULL,NULL,NULL,NULL,13,85,63),(148792,231766,NULL,NULL,NULL,'Adult','2.8','M',NULL,NULL,NULL,NULL,NULL,37,977,63),(148796,231774,NULL,NULL,NULL,'Subadult','0.241','F',NULL,NULL,NULL,NULL,NULL,7,205,63),(148800,231783,NULL,NULL,NULL,'Adult','0.032','U',NULL,NULL,NULL,NULL,NULL,7,41,63),(148802,231787,NULL,'Frankie',NULL,'Juvenile','0.093','U',NULL,NULL,NULL,NULL,NULL,7,23,63),(148804,231793,NULL,'Alfie',NULL,'Juvenile','0.074','M',NULL,NULL,NULL,NULL,NULL,37,713,63),(148806,231798,NULL,NULL,NULL,'Juvenile','0.03','U',NULL,NULL,NULL,NULL,NULL,7,911,63),(148808,231802,NULL,'Boe',NULL,'Juvenile','0.054','U',NULL,NULL,NULL,NULL,NULL,47,103,63),(148810,231806,NULL,'Darren',NULL,'Juvenile','0.054','F',NULL,NULL,NULL,NULL,NULL,7,327,63),(148812,231957,NULL,'Dexter',NULL,'Juvenile','0.079','U',NULL,NULL,NULL,NULL,NULL,7,327,63),(148814,231812,NULL,NULL,NULL,'Adult','0.61','F',NULL,NULL,NULL,NULL,NULL,17,77,63),(148816,231816,NULL,'David',NULL,'Juvenile','0.044','U',NULL,NULL,NULL,NULL,NULL,7,327,63),(148818,231820,NULL,'Moose',NULL,'Subadult','0.015','M',NULL,NULL,NULL,NULL,NULL,19,67,63),(148820,231825,NULL,'Billy Blue Tongue',NULL,'Adult','0.42','U',NULL,NULL,NULL,NULL,NULL,47,103,63),(148822,231830,NULL,'Lori',NULL,'Juvenile','0.183','F',NULL,NULL,NULL,NULL,NULL,17,77,63),(148824,231834,NULL,'Cootie',NULL,'Adult','1.94','M',NULL,NULL,NULL,NULL,NULL,29,601,63),(148826,231838,NULL,'Jazz',NULL,'Juvenile','0.055','U',NULL,NULL,NULL,NULL,NULL,47,103,63),(148828,231842,NULL,NULL,NULL,'Juvenile','0.045','U',NULL,NULL,NULL,NULL,NULL,47,103,63),(148830,231846,NULL,'Tracey',NULL,'Adult','0.9','F',NULL,NULL,NULL,NULL,NULL,37,713,63),(148832,231851,NULL,'Melody',NULL,'Subadult','0.002','F',NULL,NULL,NULL,NULL,NULL,7,1017,63),(148834,231855,NULL,NULL,NULL,'Juvenile','0.076','U',NULL,NULL,NULL,NULL,NULL,47,65,63),(148836,231859,NULL,NULL,NULL,'Adult','0.052','F',NULL,NULL,NULL,NULL,NULL,3,399,63),(148838,231863,NULL,'Steve',NULL,'Subadult','0.6','U',NULL,NULL,NULL,NULL,NULL,51,171,63),(148840,231868,NULL,'Patrick',NULL,'Juvenile','0.2','U',NULL,NULL,NULL,NULL,NULL,7,485,63),(148842,231874,NULL,'Francis',NULL,'Juvenile','0.2','U',NULL,NULL,NULL,NULL,NULL,7,485,63),(148844,231880,NULL,'Bingo',NULL,'Juvenile','2.85','M',NULL,NULL,NULL,NULL,NULL,35,83,63),(148850,231906,NULL,'Betty',NULL,'Juvenile','0.061','F',NULL,NULL,NULL,NULL,NULL,7,327,63),(148852,231907,NULL,'My BoDangles',NULL,'Juvenile','0.061','U',NULL,NULL,NULL,NULL,NULL,7,327,63),(148854,231913,NULL,'Bluey',NULL,'Juvenile','0.09','M',NULL,NULL,NULL,NULL,NULL,37,201,63),(148856,231917,NULL,NULL,NULL,'Juvenile','0.045','U',NULL,NULL,NULL,NULL,NULL,7,541,63),(148858,231920,NULL,'Sweet',NULL,'Juvenile','0.054','U',NULL,NULL,NULL,NULL,NULL,7,327,63),(148860,231925,NULL,'Bob',NULL,'Adult','0.095','U',NULL,NULL,NULL,NULL,NULL,7,137,63),(148862,231930,NULL,NULL,NULL,'Juvenile','0.021','U',NULL,NULL,NULL,NULL,NULL,5,799,63),(148868,231970,'A66241','Tori','10 Years','Adult','5.6','F',NULL,NULL,NULL,NULL,NULL,33,469,63),(148872,231974,'A66241','Rodney','18 Mths','Subadult','3.4','M',NULL,NULL,NULL,NULL,NULL,33,469,63),(148874,231983,'A65097','Adrian','5 Years','Adult','7.74','M','900006000270254',NULL,NULL,'0243',NULL,33,469,63),(148876,231978,'A66244','Kellie','3 Years','Adult','4.95','F',NULL,NULL,NULL,NULL,NULL,33,469,63),(148878,232075,'A65669','Luna','2 Years','Subadult','2.45','F',NULL,NULL,NULL,NULL,NULL,33,469,63),(148880,231982,'A66243','Saxon','2 Years','Subadult','5.3','M','991001000460014',NULL,NULL,'M208',NULL,33,469,63),(148884,231993,NULL,'Loki',NULL,'Juvenile','0.061','U',NULL,NULL,NULL,NULL,NULL,7,327,63),(148886,231997,NULL,NULL,NULL,'Juvenile','0.039','U',NULL,NULL,NULL,NULL,NULL,51,171,63),(148888,232000,NULL,'Lakely',NULL,'Adult','4.63','U',NULL,NULL,NULL,NULL,NULL,13,85,63),(148890,232003,NULL,'Nuttin',NULL,'Adult','0.054','U',NULL,NULL,NULL,NULL,NULL,7,597,63),(148892,232008,NULL,'Goldie',NULL,'Subadult','0.97','M',NULL,NULL,NULL,NULL,NULL,37,201,63),(148894,232010,NULL,NULL,NULL,'Egg','0','U',NULL,NULL,NULL,NULL,NULL,51,171,63),(148896,232012,NULL,'Harper',NULL,'Juvenile','0.07','U',NULL,NULL,NULL,NULL,NULL,7,327,63),(148898,232014,NULL,NULL,NULL,'Adult','0.26','U',NULL,NULL,NULL,NULL,NULL,47,103,63),(148900,232016,NULL,NULL,NULL,'Adult','0.12','U',NULL,NULL,NULL,NULL,NULL,7,675,63),(148902,232018,NULL,NULL,NULL,'Adult','1.07','F',NULL,NULL,NULL,NULL,NULL,37,713,63),(148904,232021,NULL,NULL,NULL,'Adult','0.17','U',NULL,NULL,NULL,NULL,NULL,51,401,63),(148906,232023,NULL,'Speedster',NULL,'Juvenile','0.087','F',NULL,NULL,NULL,NULL,NULL,37,713,63),(148908,232025,NULL,'Crackajack',NULL,'Juvenile','0.082','U',NULL,NULL,NULL,NULL,NULL,7,327,63),(148910,232028,NULL,NULL,NULL,'Juvenile','0.216','U',NULL,NULL,NULL,NULL,NULL,13,1080,63),(148912,232031,NULL,NULL,NULL,'Juvenile','0.156','U',NULL,NULL,NULL,NULL,NULL,7,843,63),(148918,232041,NULL,NULL,NULL,'Subadult','0.075','U',NULL,NULL,NULL,NULL,NULL,7,101,63),(148922,232050,NULL,NULL,NULL,'Subadult','0.12','U',NULL,NULL,NULL,NULL,NULL,7,675,63),(148926,232054,NULL,NULL,NULL,'Adult','0.129','U',NULL,NULL,NULL,NULL,NULL,7,675,63),(148928,232057,NULL,NULL,NULL,'Juvenile','0.16','U',NULL,NULL,NULL,NULL,NULL,7,485,63),(148930,232060,NULL,NULL,NULL,'Adult','0.12','U',NULL,NULL,NULL,NULL,NULL,7,675,63),(148932,232063,NULL,NULL,NULL,'Juvenile','0.062','U',NULL,NULL,NULL,NULL,NULL,47,659,63),(148934,232069,NULL,NULL,NULL,'Adult','6.7','U',NULL,NULL,NULL,NULL,NULL,11,33,63),(148936,232083,NULL,NULL,NULL,'Subadult','0.38','F',NULL,NULL,NULL,NULL,NULL,37,713,63),(148940,232091,NULL,'Wally',NULL,'Juvenile','0.31','M',NULL,NULL,NULL,NULL,NULL,17,77,63),(148942,232094,NULL,NULL,NULL,'Adult','0.096','U',NULL,NULL,NULL,NULL,NULL,7,231,63),(148944,232096,NULL,NULL,NULL,'Juvenile','0.011','U',NULL,NULL,NULL,NULL,NULL,7,887,63),(148946,232098,NULL,NULL,NULL,'Juvenile','0.011','U',NULL,NULL,NULL,NULL,NULL,7,887,63),(148948,232100,NULL,NULL,NULL,'Juvenile','0.011','U',NULL,NULL,NULL,NULL,NULL,7,887,63),(148950,232103,NULL,'Brogan',NULL,'Adult','5.55','U',NULL,NULL,NULL,NULL,NULL,11,33,63),(148954,232109,NULL,NULL,NULL,'Adult','0.73','F',NULL,NULL,NULL,NULL,NULL,37,713,63),(148956,232112,NULL,NULL,NULL,'Juvenile','0.04','U',NULL,NULL,NULL,NULL,NULL,51,253,63),(148958,232116,NULL,NULL,NULL,'Adult','1.05','M',NULL,NULL,NULL,NULL,NULL,37,713,63),(148960,232118,NULL,'Loki',NULL,'Juvenile','0.058','M',NULL,NULL,NULL,NULL,NULL,37,713,63),(148962,232121,NULL,'Berry Springs',NULL,'Juvenile','0.24','F',NULL,NULL,NULL,NULL,NULL,7,183,63),(148964,232124,NULL,NULL,NULL,'Juvenile','0.11','U',NULL,NULL,NULL,NULL,NULL,7,215,63),(148966,232127,NULL,NULL,NULL,'Juvenile','0.24','U',NULL,NULL,NULL,NULL,NULL,9,627,63),(148968,232130,NULL,'Nairn',NULL,'Adult','0.03','U',NULL,NULL,NULL,NULL,NULL,7,41,63),(148970,232132,NULL,'Pepsi',NULL,'Subadult','1.03','F',NULL,NULL,NULL,NULL,NULL,37,201,63),(148972,232134,NULL,NULL,NULL,'Adult','0.6','U',NULL,NULL,NULL,NULL,NULL,49,293,63),(148974,232506,NULL,NULL,NULL,'Juvenile','0','U',NULL,NULL,NULL,NULL,NULL,51,171,63),(148976,232139,NULL,NULL,NULL,'Subadult','0.12','U',NULL,NULL,NULL,NULL,NULL,7,675,63),(148978,232141,NULL,NULL,NULL,'Adult','0.138','M',NULL,NULL,NULL,NULL,NULL,7,465,63),(148980,232143,NULL,NULL,NULL,'Juvenile','0.42','U',NULL,NULL,NULL,NULL,NULL,7,853,63),(148982,232145,NULL,'Doc Brown',NULL,'Juvenile','0.059','U',NULL,NULL,NULL,NULL,NULL,7,327,63),(148984,232541,NULL,'Wendy',NULL,'Juvenile','0.88','F',NULL,NULL,NULL,NULL,NULL,35,841,63),(148986,232499,NULL,'Precious',NULL,'Juvenile','0.068','U',NULL,NULL,NULL,NULL,NULL,7,327,63),(148988,232444,NULL,'Glen',NULL,'Adult','0.018','U',NULL,NULL,NULL,NULL,NULL,7,287,63),(148990,232489,NULL,'Pope',NULL,'Juvenile','0.038','U',NULL,NULL,NULL,NULL,NULL,7,733,63),(148992,232688,NULL,'Kaki',NULL,'Juvenile','0.34','U',NULL,NULL,NULL,NULL,NULL,7,853,63),(148994,232169,NULL,'Keanu Jai',NULL,'Adult','1.3','U',NULL,NULL,NULL,NULL,NULL,53,115,63),(148996,232172,NULL,'Baken',NULL,'Adult','1.26','U',NULL,NULL,NULL,NULL,NULL,51,171,63),(148998,232865,NULL,'JC',NULL,'Adult','1.67','F',NULL,NULL,NULL,NULL,NULL,51,171,63),(149000,232507,NULL,'McClaren',NULL,'Subadult','0.103','F',NULL,NULL,NULL,NULL,NULL,47,281,63),(149006,232503,NULL,'Monster',NULL,'Juvenile','0.015','U',NULL,NULL,NULL,NULL,NULL,47,103,63),(149008,232187,NULL,NULL,NULL,'Adult','0.008','F',NULL,NULL,NULL,NULL,NULL,19,367,63),(149010,232192,NULL,'Dagwood',NULL,'Adult','0.2','U',NULL,NULL,NULL,NULL,NULL,47,103,63),(149012,232197,NULL,'Topaz',NULL,'Subadult','0.151','U',NULL,NULL,NULL,NULL,NULL,7,735,63),(149016,232207,NULL,'Dodger',NULL,'Juvenile','0.067','U',NULL,NULL,NULL,NULL,NULL,7,327,63),(149018,232211,NULL,NULL,NULL,'Subadult','0.07','U',NULL,NULL,NULL,NULL,NULL,7,231,63),(149020,232215,NULL,NULL,NULL,'Adult','0.13','U',NULL,NULL,NULL,NULL,NULL,7,75,63),(149022,232219,NULL,'Poppa Smurf',NULL,'Subadult','0.13','U',NULL,NULL,NULL,NULL,NULL,7,675,63),(149024,232225,NULL,'TIny Tim',NULL,'Juvenile','0.07','U',NULL,NULL,NULL,NULL,NULL,7,541,63),(149030,232238,NULL,'Batman',NULL,'Adult','0.007','M',NULL,NULL,NULL,NULL,NULL,19,367,63),(149032,232242,NULL,'Al',NULL,'Juvenile','0.015','U',NULL,NULL,NULL,NULL,NULL,47,103,63),(149034,232246,NULL,NULL,NULL,'Adult','0.087','U',NULL,NULL,NULL,NULL,NULL,7,231,63),(149036,232250,NULL,'George',NULL,'Adult','3.4','M',NULL,NULL,NULL,NULL,NULL,47,473,63),(149038,232255,NULL,'Tiny',NULL,'Juvenile','0.093','F',NULL,NULL,NULL,NULL,NULL,37,713,63),(149040,232261,NULL,'Teeny',NULL,'Juvenile','0.135','M',NULL,NULL,NULL,NULL,NULL,37,713,63),(149042,232266,NULL,'Mia',NULL,'Juvenile','0.15','F',NULL,NULL,NULL,NULL,NULL,17,77,63),(149044,232270,NULL,NULL,NULL,'Adult','20','M',NULL,NULL,NULL,NULL,NULL,35,701,63),(149046,232275,NULL,'Fossil',NULL,'Adult','0.3','U',NULL,NULL,NULL,NULL,NULL,47,103,63),(149048,232281,NULL,'Magic',NULL,'Juvenile','0.177','F',NULL,NULL,NULL,NULL,NULL,37,201,63),(149050,232446,NULL,'Sparkles',NULL,'Juvenile','0.073','U',NULL,NULL,NULL,NULL,NULL,7,327,63),(149052,232290,NULL,'Jarrod',NULL,'Juvenile','0.09','U',NULL,NULL,NULL,NULL,NULL,7,783,63),(149054,232295,NULL,'Peggy',NULL,'Subadult','0.24','U',NULL,NULL,NULL,NULL,NULL,7,29,63),(149056,232304,NULL,'Honey',NULL,'Adult','0.132','U',NULL,NULL,NULL,NULL,NULL,7,675,63),(149058,232308,NULL,'Scooby',NULL,'Juvenile','0.081','U',NULL,NULL,NULL,NULL,NULL,7,635,63),(149060,232310,NULL,NULL,NULL,'Adult','0.62','M',NULL,NULL,NULL,NULL,NULL,17,77,5),(149062,232314,NULL,NULL,NULL,'Adult','70','M',NULL,NULL,NULL,NULL,NULL,35,265,63),(149064,232317,NULL,'Reg',NULL,'Adult','0','M',NULL,NULL,NULL,NULL,NULL,7,831,63),(149066,232321,NULL,'Elliott',NULL,'Juvenile','7.4','M',NULL,NULL,NULL,NULL,NULL,35,265,63),(149068,232325,NULL,'Tiny',NULL,'Juvenile','0.007','M',NULL,NULL,NULL,NULL,NULL,35,265,63),(149072,232333,NULL,NULL,NULL,'Adult','0.008','M',NULL,NULL,NULL,NULL,NULL,19,367,63),(149074,232339,NULL,NULL,NULL,'Juvenile','0.018','M',NULL,NULL,NULL,NULL,NULL,37,713,63),(149078,232347,NULL,'Wellman',NULL,'Adult','0.006','M',NULL,NULL,NULL,NULL,NULL,19,367,63),(149080,232352,NULL,'Sweetie',NULL,'Adult','0.16','F',NULL,NULL,NULL,NULL,NULL,37,829,63),(149082,232356,NULL,NULL,NULL,'Juvenile','0.095','U',NULL,NULL,NULL,NULL,NULL,7,23,63),(149084,232361,NULL,'Sue',NULL,'Adult','0.45','F',NULL,NULL,NULL,NULL,NULL,17,77,63),(149086,232365,NULL,'Bandie',NULL,'Juvenile','0.17','F',NULL,NULL,NULL,NULL,NULL,29,601,63),(149088,232369,NULL,'Rosie',NULL,'Adult','0.12','M',NULL,NULL,NULL,NULL,NULL,7,719,63),(149090,232372,NULL,'Charli',NULL,'Adult','0.9','U',NULL,NULL,NULL,NULL,NULL,7,161,63),(149092,232376,NULL,'Huey',NULL,'Juvenile','0.029','U',NULL,NULL,NULL,NULL,NULL,13,629,63),(149094,232380,NULL,'Luey',NULL,'Juvenile','0.029','U',NULL,NULL,NULL,NULL,NULL,13,629,63),(149096,232384,NULL,'Spuey',NULL,'Juvenile','0.029','F',NULL,NULL,NULL,NULL,NULL,13,629,63),(149098,232505,'A61567','Betty Bear','3 Years','Subadult','4.35','F',NULL,NULL,NULL,NULL,NULL,33,469,5),(149100,232391,NULL,'Jewy',NULL,'Juvenile','0.029','U',NULL,NULL,NULL,NULL,NULL,13,629,63),(149102,232395,NULL,'Ray',NULL,'Adult','0.078','U',NULL,NULL,NULL,NULL,NULL,7,327,63),(149104,232403,NULL,'Rango',NULL,'Adult','1.8','F',NULL,NULL,NULL,NULL,NULL,37,201,63),(149106,232399,'A66242','Marilyn','2 Years','Subadult','3.8','F',NULL,NULL,NULL,NULL,NULL,33,469,5),(149108,232407,NULL,'Monty',NULL,'Subadult','1.8','M',NULL,NULL,NULL,NULL,NULL,37,977,63),(149110,232411,NULL,NULL,NULL,'Adult','0.81','U',NULL,NULL,NULL,NULL,NULL,7,963,63),(149112,232417,NULL,'Reggie',NULL,'Subadult','0.038','U',NULL,NULL,NULL,NULL,NULL,7,733,63),(149114,232423,NULL,'Truck',NULL,'Juvenile','0.079','F',NULL,NULL,NULL,NULL,NULL,7,327,63),(149116,232429,NULL,'Bartok',NULL,'Adult','0.006','M',NULL,NULL,NULL,NULL,NULL,19,367,63),(149118,232433,NULL,NULL,NULL,'Adult','0.144','U',NULL,NULL,NULL,NULL,NULL,7,675,63),(149120,232438,NULL,'Qantas',NULL,'Subadult','0.79','U',NULL,NULL,NULL,NULL,NULL,7,161,63),(149122,232442,NULL,'Batsy',NULL,'Adult','0.007','M',NULL,NULL,NULL,NULL,NULL,19,367,63),(149124,232449,'A62524','Cindy','9 Years','Adult','5.4','F',NULL,NULL,NULL,NULL,NULL,33,469,5),(149126,232452,NULL,'Bop',NULL,'Juvenile','0.108','U',NULL,NULL,NULL,NULL,NULL,7,23,63),(149128,232457,NULL,'Lucy',NULL,'Adult','0.152','U',NULL,NULL,NULL,NULL,NULL,7,675,63),(149130,232462,NULL,'Fluffy',NULL,'Adult','0.75','M',NULL,NULL,NULL,NULL,NULL,37,713,63),(149132,232466,NULL,'Tonic',NULL,'Juvenile','0.059','U',NULL,NULL,NULL,NULL,NULL,7,327,63),(149134,232470,NULL,NULL,NULL,'Adult','0.38','U',NULL,NULL,NULL,NULL,NULL,7,915,63),(149138,232479,NULL,'Mooey',NULL,'Juvenile','0.021','U',NULL,NULL,NULL,NULL,NULL,13,897,63),(149140,232482,NULL,'Pip',NULL,'Juvenile','0.071','U',NULL,NULL,NULL,NULL,NULL,7,321,63),(149142,232486,NULL,'Icarus',NULL,'Juvenile','3.25','U',NULL,NULL,NULL,NULL,NULL,11,909,5),(149144,232750,NULL,'Jones',NULL,'Juvenile','0.24','U',NULL,NULL,NULL,NULL,NULL,7,485,5),(149146,232497,NULL,'Pop',NULL,'Juvenile','0.068','U',NULL,NULL,NULL,NULL,NULL,7,327,5),(149148,232633,NULL,'Sedge',NULL,'Adult','0.01','U',NULL,NULL,NULL,NULL,NULL,3,1084,5),(149150,232545,NULL,'Rexie',NULL,'Juvenile','0.078','U',NULL,NULL,NULL,NULL,NULL,7,327,5),(149152,232510,NULL,NULL,NULL,'Adult','0.9','M',NULL,NULL,NULL,NULL,NULL,37,713,63),(149154,232513,NULL,NULL,NULL,'Adult','0.25','U',NULL,NULL,NULL,NULL,NULL,7,485,63),(149156,232515,NULL,NULL,NULL,'Adult','0.32','U',NULL,NULL,NULL,NULL,NULL,7,507,63),(149158,232517,NULL,NULL,NULL,'Adult','0.31','U',NULL,NULL,NULL,NULL,NULL,7,345,63),(149160,232520,NULL,'Cootie',NULL,'Adult','0.057','U',NULL,NULL,NULL,NULL,NULL,7,597,63),(149162,232522,NULL,NULL,NULL,'Juvenile','0.077','U',NULL,NULL,NULL,NULL,NULL,5,799,63),(149164,232525,NULL,NULL,NULL,'Adult','0.34','U',NULL,NULL,NULL,NULL,NULL,7,843,63),(149166,232527,NULL,'Hans',NULL,'Juvenile','0.24','M',NULL,NULL,NULL,NULL,NULL,17,77,63),(149168,232530,NULL,'Tootie',NULL,'Juvenile','0.006','U',NULL,NULL,NULL,NULL,NULL,7,135,63),(149170,232532,NULL,NULL,NULL,'Juvenile','0','U',NULL,NULL,NULL,NULL,NULL,7,541,63),(149172,232535,NULL,NULL,NULL,'Adult','0.24','U',NULL,NULL,NULL,NULL,NULL,51,797,63),(149174,232538,NULL,NULL,NULL,'Adult','0.102','U',NULL,NULL,NULL,NULL,NULL,7,75,63),(149176,232540,NULL,'Trouble',NULL,'Juvenile','0.77','M',NULL,NULL,NULL,NULL,NULL,35,265,63),(149178,232544,NULL,NULL,NULL,'Adult','0.74','M',NULL,NULL,NULL,NULL,NULL,17,77,63),(149180,232548,NULL,NULL,NULL,'Juvenile','0','U',NULL,NULL,NULL,NULL,NULL,7,327,63),(149182,232551,NULL,NULL,NULL,'Adult','0.29','U',NULL,NULL,NULL,NULL,NULL,7,485,63),(149184,232553,NULL,NULL,NULL,'Juvenile','0','U',NULL,NULL,NULL,NULL,NULL,7,183,63),(149186,232555,NULL,'Precious',NULL,'Juvenile','0.153','F',NULL,NULL,NULL,NULL,NULL,37,201,63),(149188,232557,NULL,'Fievel',NULL,'Juvenile','0.055','M',NULL,NULL,NULL,NULL,NULL,37,713,63),(149190,232560,NULL,'Riley',NULL,'Adult','0.07','F',NULL,NULL,NULL,NULL,NULL,47,659,63),(149192,232566,'A66245','Petunia','10 Years','Adult','5.4','F',NULL,NULL,NULL,NULL,NULL,33,469,5),(149194,232569,NULL,NULL,NULL,'Juvenile','0.069','U',NULL,NULL,NULL,NULL,NULL,7,541,63),(149196,232571,NULL,NULL,NULL,'Adult','0.72','F',NULL,NULL,NULL,NULL,NULL,37,713,5),(149198,232573,NULL,NULL,NULL,'Adult','2.07','F',NULL,NULL,NULL,NULL,NULL,37,201,63),(149200,232576,NULL,NULL,NULL,'Adult','0.025','U',NULL,NULL,NULL,NULL,NULL,47,659,5),(149202,232578,NULL,NULL,NULL,'Subadult','0.06','U',NULL,NULL,NULL,NULL,NULL,7,405,63),(149204,232582,NULL,'Pixel',NULL,'Adult','0.6','U',NULL,NULL,NULL,NULL,NULL,7,915,5),(149206,232584,NULL,NULL,NULL,'Adult','0.36','U',NULL,NULL,NULL,NULL,NULL,7,843,63),(149208,232591,NULL,NULL,NULL,'Adult','1.4','F',NULL,NULL,NULL,NULL,NULL,37,201,5),(149210,232593,NULL,'Mowgli',NULL,'Juvenile','0.177','M',NULL,NULL,NULL,NULL,NULL,37,713,63),(149212,232597,NULL,'Taylor',NULL,'Juvenile','0.05','U',NULL,NULL,NULL,NULL,NULL,7,327,5),(149214,232598,NULL,NULL,NULL,'Juvenile','0.41','M',NULL,NULL,NULL,NULL,NULL,37,201,63),(149216,232601,NULL,NULL,NULL,'Adult','0.2','U',NULL,NULL,NULL,NULL,NULL,7,843,5),(149218,232604,NULL,NULL,NULL,'Adult','0.009','F',NULL,NULL,NULL,NULL,NULL,19,251,63),(149220,232608,NULL,NULL,NULL,'Juvenile','0.3','U',NULL,NULL,NULL,NULL,NULL,7,23,5),(149222,232607,NULL,NULL,NULL,'Adult','0.007','F',NULL,NULL,NULL,NULL,NULL,19,251,63),(149224,232610,NULL,NULL,NULL,'Juvenile','0.17','U',NULL,NULL,NULL,NULL,NULL,7,843,63),(149226,232614,NULL,'Ernie',NULL,'Adult','0.21','F',NULL,NULL,NULL,NULL,NULL,17,417,5),(149228,232618,NULL,'Feeney',NULL,'Juvenile','0.085','U',NULL,NULL,NULL,NULL,NULL,7,635,5),(149230,232622,NULL,NULL,NULL,'Adult','1.44','F',NULL,NULL,NULL,NULL,NULL,51,171,5),(149232,232625,NULL,'Billy',NULL,'Juvenile','0.047','U',NULL,NULL,NULL,NULL,NULL,47,103,5),(149234,232627,NULL,NULL,NULL,'Juvenile','0.015','U',NULL,NULL,NULL,NULL,NULL,5,799,63),(149236,232629,NULL,NULL,NULL,'Juvenile','0.015','U',NULL,NULL,NULL,NULL,NULL,5,799,63),(149238,232632,NULL,NULL,NULL,'Subadult','0.036','U',NULL,NULL,NULL,NULL,NULL,7,733,63),(149240,232636,NULL,NULL,NULL,'Subadult','0.18','F',NULL,NULL,NULL,NULL,NULL,47,281,63),(149242,232639,NULL,NULL,NULL,'Adult','0.84','F',NULL,NULL,NULL,NULL,NULL,37,713,63),(149244,232642,NULL,NULL,NULL,'Juvenile','0.089','U',NULL,NULL,NULL,NULL,NULL,7,149,63),(149246,232644,NULL,'Susie Q',NULL,'Juvenile','2.1','F',NULL,NULL,NULL,NULL,NULL,35,701,5),(149248,232647,NULL,NULL,NULL,'Adult','0.05','U',NULL,NULL,NULL,NULL,NULL,47,281,5),(149250,232652,NULL,'Arlo',NULL,'Juvenile','0.172','M',NULL,NULL,NULL,NULL,NULL,17,417,63),(149252,232651,NULL,'Sleepy',NULL,'Subadult','0.43','M',NULL,NULL,NULL,NULL,NULL,37,713,5),(149254,232658,NULL,NULL,NULL,'Adult','1.26','M',NULL,NULL,NULL,NULL,NULL,37,201,63),(149256,232659,NULL,NULL,NULL,'Adult','0.12','U',NULL,NULL,NULL,NULL,NULL,7,675,5),(149258,232661,NULL,NULL,NULL,'Subadult','0.1','U',NULL,NULL,NULL,NULL,NULL,7,595,63),(149260,232665,NULL,NULL,NULL,'Adult','0','M',NULL,NULL,NULL,NULL,NULL,37,713,63),(149262,232667,NULL,'Dracula',NULL,'Adult','0.004','M',NULL,NULL,NULL,NULL,NULL,19,251,63),(149264,232669,NULL,NULL,NULL,'Adult','0.007','F',NULL,NULL,NULL,NULL,NULL,19,251,63),(149266,232671,NULL,NULL,NULL,'Juvenile','0.005','M',NULL,NULL,NULL,NULL,NULL,19,251,63),(149268,232675,NULL,NULL,NULL,'Adult','0.012','F',NULL,NULL,NULL,NULL,NULL,19,269,63),(149270,232677,NULL,NULL,NULL,'Juvenile','0.026','U',NULL,NULL,NULL,NULL,NULL,5,799,63),(149272,232679,NULL,'Meg',NULL,'Adult','0.08','U',NULL,NULL,NULL,NULL,NULL,7,541,63),(149274,232681,NULL,'Max',NULL,'Adult','0.105','U',NULL,NULL,NULL,NULL,NULL,7,675,63),(149276,232684,NULL,'Sandy',NULL,'Adult','0.29','F',NULL,NULL,NULL,NULL,NULL,17,519,63),(149278,232687,NULL,'Daisy Melker',NULL,'Adult','12.1','F',NULL,NULL,NULL,NULL,NULL,57,397,63),(149280,232690,NULL,NULL,NULL,'Subadult','0.08','U',NULL,NULL,NULL,NULL,NULL,7,739,63),(149282,232692,NULL,NULL,NULL,'Juvenile','0.26','U',NULL,NULL,NULL,NULL,NULL,7,205,63),(149284,232695,NULL,'Manix',NULL,'Juvenile','0.035','U',NULL,NULL,NULL,NULL,NULL,7,597,63),(149286,232697,NULL,NULL,NULL,'Adult','0.048','U',NULL,NULL,NULL,NULL,NULL,7,733,63),(149288,232699,NULL,'January',NULL,'Subadult','0.57','F',NULL,NULL,NULL,NULL,NULL,37,713,63),(149290,232701,NULL,NULL,NULL,'Adult','0.57','M',NULL,NULL,NULL,NULL,NULL,37,713,63),(149292,232703,NULL,NULL,NULL,'Egg','0','U',NULL,NULL,NULL,NULL,NULL,51,171,63),(149294,232706,NULL,NULL,NULL,'Juvenile','0.06','U',NULL,NULL,NULL,NULL,NULL,7,405,63),(149296,232710,NULL,NULL,NULL,'Adult','0','U',NULL,NULL,NULL,NULL,NULL,7,335,63),(149298,232919,NULL,'Storm',NULL,'Juvenile','0.22','U',NULL,NULL,NULL,NULL,NULL,11,707,63),(149300,232716,NULL,'Spunky',NULL,'Juvenile','0.25','U',NULL,NULL,NULL,NULL,NULL,7,775,63),(149302,232718,NULL,'Crusty',NULL,'Subadult','0.4','U',NULL,NULL,NULL,NULL,NULL,7,183,63),(149304,232720,NULL,'Harold',NULL,'Adult','0.8','U',NULL,NULL,NULL,NULL,NULL,7,831,63),(149306,232722,NULL,'Cake',NULL,'Subadult','0.18','U',NULL,NULL,NULL,NULL,NULL,7,29,63),(149308,232994,NULL,'Ridgely',NULL,'Juvenile','0.32','U',NULL,NULL,NULL,NULL,NULL,9,627,63),(149310,232726,NULL,'Richie',NULL,'Adult','1.7','U',NULL,NULL,NULL,NULL,NULL,51,171,63),(149312,232728,NULL,'Fred',NULL,'Adult','0.16','U',NULL,NULL,NULL,NULL,NULL,51,401,63),(149314,232730,NULL,'Gus',NULL,'Adult','3.25','M',NULL,NULL,NULL,NULL,NULL,47,473,63),(149316,232954,NULL,'Nova',NULL,'Subadult','0.258','M',NULL,NULL,NULL,NULL,NULL,17,77,63),(149318,232734,NULL,'Poss Poss',NULL,'Juvenile','0.066','M',NULL,NULL,NULL,NULL,NULL,37,713,63),(149320,232943,NULL,'Roo',NULL,'Adult','0.13','U',NULL,NULL,NULL,NULL,NULL,7,675,63),(149322,232738,NULL,'Ketch',NULL,'Adult','0.14','F',NULL,NULL,NULL,NULL,NULL,7,327,63),(149324,232740,NULL,'Paul',NULL,'Juvenile','0.1','U',NULL,NULL,NULL,NULL,NULL,7,231,63),(149326,232743,NULL,'Five',NULL,'Juvenile','0.083','U',NULL,NULL,NULL,NULL,NULL,7,327,63),(149328,232745,NULL,'Six',NULL,'Juvenile','0.06','U',NULL,NULL,NULL,NULL,NULL,7,617,63),(149330,232747,NULL,'Four',NULL,'Juvenile','0.096','U',NULL,NULL,NULL,NULL,NULL,7,327,63),(149332,232756,NULL,'Petal',NULL,'Juvenile','0.16','U',NULL,NULL,NULL,NULL,NULL,37,201,63),(149334,232762,NULL,'Ariel',NULL,'Subadult','0.22','F',NULL,NULL,NULL,NULL,NULL,17,77,63),(149336,232766,NULL,'Millar',NULL,'Adult','0.21','F',NULL,NULL,NULL,NULL,NULL,37,809,63),(149338,232771,NULL,NULL,NULL,'Adult','0.04','U',NULL,NULL,NULL,NULL,NULL,7,597,63),(149340,232777,NULL,'Bareki',NULL,'Juvenile','0.12','U',NULL,NULL,NULL,NULL,NULL,7,205,63),(149342,232781,NULL,'Eros',NULL,'Adult','0.66','U',NULL,NULL,NULL,NULL,NULL,9,895,63),(149344,232787,NULL,'Tilley',NULL,'Juvenile','0.1','U',NULL,NULL,NULL,NULL,NULL,7,205,63),(149346,232792,NULL,'Dale',NULL,'Adult','0.28','U',NULL,NULL,NULL,NULL,NULL,7,919,63),(149348,232798,NULL,'Sir Winston Churchill',NULL,'Juvenile','0.18','U',NULL,NULL,NULL,NULL,NULL,7,843,63),(149350,232806,NULL,'Dr Dredd',NULL,'Adult','0.091','F',NULL,NULL,NULL,NULL,NULL,7,101,63),(149352,232810,NULL,'Nila',NULL,'Subadult','0.007','F',NULL,NULL,NULL,NULL,NULL,19,189,63),(149354,232818,NULL,NULL,NULL,'Adult','0.027','U',NULL,NULL,NULL,NULL,NULL,7,733,63),(149356,232817,NULL,'Tiny Tim',NULL,'Juvenile','0.022','U',NULL,NULL,NULL,NULL,NULL,7,541,63),(149358,232822,NULL,'Sally',NULL,'Adult','0.17','U',NULL,NULL,NULL,NULL,NULL,7,843,63),(149360,232827,NULL,'BIrdie',NULL,'Subadult','0.09','U',NULL,NULL,NULL,NULL,NULL,7,327,63),(149362,232832,NULL,'Lacey',NULL,'Subadult','0.11','U',NULL,NULL,NULL,NULL,NULL,7,515,63),(149364,232836,NULL,'Courage',NULL,'Juvenile','0.02','U',NULL,NULL,NULL,NULL,NULL,7,215,63),(149366,232842,NULL,'Whittle',NULL,'Adult','0.008','M',NULL,NULL,NULL,NULL,NULL,19,431,63),(149368,232846,NULL,NULL,NULL,'Juvenile','0.004','U',NULL,NULL,NULL,NULL,NULL,47,659,63),(149372,232856,NULL,'Diedre',NULL,'Adult','0.75','F',NULL,NULL,NULL,NULL,NULL,37,713,63),(149374,232860,NULL,NULL,NULL,'Juvenile','0.07','U',NULL,NULL,NULL,NULL,NULL,7,327,63),(149376,232864,NULL,NULL,NULL,'Adult','0.83','M',NULL,NULL,NULL,NULL,NULL,37,713,63),(149378,232868,NULL,NULL,NULL,'Adult','0.95','U',NULL,NULL,NULL,NULL,NULL,51,171,63),(149380,232872,NULL,NULL,NULL,'Juvenile','0.09','U',NULL,NULL,NULL,NULL,NULL,7,327,63),(149382,232876,NULL,'Ripley',NULL,'Juvenile','0.09','U',NULL,NULL,NULL,NULL,NULL,51,171,63),(149384,232883,NULL,'Ronnie',NULL,'Juvenile','0.113','U',NULL,NULL,NULL,NULL,NULL,7,675,63),(149386,232888,NULL,'Fran',NULL,'Adult','0.041','U',NULL,NULL,NULL,NULL,NULL,7,321,63),(149394,232910,NULL,'Zeus',NULL,'Juvenile','0.008','F',NULL,NULL,NULL,NULL,NULL,19,189,63),(149396,232918,NULL,NULL,NULL,'Subadult','0.007','F',NULL,NULL,NULL,NULL,NULL,19,251,63),(149398,232923,NULL,NULL,NULL,'Subadult','0.007','F',NULL,NULL,NULL,NULL,NULL,19,251,63),(149400,232928,NULL,NULL,NULL,'Subadult','0.007','F',NULL,NULL,NULL,NULL,NULL,19,251,63),(149402,232933,NULL,NULL,NULL,'Adult','0.007','F',NULL,NULL,NULL,NULL,NULL,19,251,63),(149404,232938,NULL,NULL,NULL,'Adult','0.006','M',NULL,NULL,NULL,NULL,NULL,19,251,63),(149406,232942,NULL,NULL,NULL,'Adult','0.014','F',NULL,NULL,NULL,NULL,NULL,19,371,63),(149408,232948,NULL,NULL,NULL,'Adult','0.301','M',NULL,NULL,NULL,NULL,NULL,35,701,63),(149410,232953,'A66248','Van Wylder','5 Years','Adult','7.1','M','900079000320576',NULL,NULL,'3408',NULL,33,469,5),(149412,232955,'A66247','Hawk','4 Years','Adult','6.3','M',NULL,NULL,NULL,NULL,NULL,33,469,5),(149414,232959,NULL,NULL,NULL,'Subadult','0.17','F',NULL,NULL,NULL,NULL,NULL,7,29,63),(149416,232963,NULL,NULL,NULL,'Juvenile','0.03','U',NULL,NULL,NULL,NULL,NULL,13,945,63),(149418,232968,NULL,'Quackatina',NULL,'Juvenile','0.029','U',NULL,NULL,NULL,NULL,NULL,13,945,63),(149420,232995,NULL,'Barnaby',NULL,'Adult','53','F',NULL,NULL,NULL,NULL,NULL,57,397,5),(149422,232974,NULL,'Golden',NULL,'Juvenile','0.028','U',NULL,NULL,NULL,NULL,NULL,13,945,63),(149424,232979,NULL,NULL,NULL,'Juvenile','0.03','U',NULL,NULL,NULL,NULL,NULL,13,945,63),(149426,232984,NULL,NULL,NULL,'Juvenile','0.029','U',NULL,NULL,NULL,NULL,NULL,13,945,63),(149428,232989,NULL,NULL,NULL,'Juvenile','0.027','U',NULL,NULL,NULL,NULL,NULL,13,945,63),(149430,232992,NULL,'Benjamin',NULL,'Juvenile','0.005','U',NULL,NULL,NULL,NULL,NULL,7,137,63),(149434,233002,NULL,'Sebastian',NULL,'Juvenile','0.034','U',NULL,NULL,NULL,NULL,NULL,7,215,5),(149436,233011,NULL,'John',NULL,'Adult','0.056','U',NULL,NULL,NULL,NULL,NULL,7,597,5),(149438,233008,NULL,NULL,NULL,'Adult','0.51','U',NULL,NULL,NULL,NULL,NULL,7,831,63),(149440,233014,NULL,NULL,NULL,'Adult','0.21','U',NULL,NULL,NULL,NULL,NULL,7,29,5),(149442,233017,NULL,NULL,NULL,'Juvenile','0.049','U',NULL,NULL,NULL,NULL,NULL,7,327,5),(149444,233019,NULL,NULL,NULL,'Adult','0.73','M',NULL,NULL,NULL,NULL,NULL,37,713,5),(149446,233021,NULL,'Spocket',NULL,'Juvenile','0.072','U',NULL,NULL,NULL,NULL,NULL,7,637,5),(149448,233023,NULL,NULL,NULL,'Juvenile','0.1','U',NULL,NULL,NULL,NULL,NULL,47,103,5),(149450,233025,NULL,'Rastus',NULL,'Juvenile','0.096','M',NULL,NULL,NULL,NULL,NULL,37,713,5),(149452,233027,NULL,'Eric',NULL,'Juvenile','0.056','U',NULL,NULL,NULL,NULL,NULL,7,327,5),(149454,233032,NULL,NULL,NULL,'Adult','0.08','F',NULL,NULL,NULL,NULL,NULL,7,617,63),(149456,233036,NULL,'Garfield',NULL,'Juvenile','0.13','U',NULL,NULL,NULL,NULL,NULL,7,205,63),(149458,233039,NULL,NULL,NULL,'Adult','0.29','U',NULL,NULL,NULL,NULL,NULL,7,507,63),(149460,233043,NULL,NULL,NULL,'Juvenile','0.017','F',NULL,NULL,NULL,NULL,NULL,29,531,63),(149462,233047,NULL,NULL,NULL,'Juvenile','0.019','F',NULL,NULL,NULL,NULL,NULL,29,531,63),(149464,233053,NULL,NULL,NULL,'Adult','0.55','U',NULL,NULL,NULL,NULL,NULL,7,851,63),(149466,233057,NULL,NULL,NULL,'Juvenile','0.074','U',NULL,NULL,NULL,NULL,NULL,51,253,63),(149468,233064,NULL,'Elga',NULL,'Subadult','0.028','U',NULL,NULL,NULL,NULL,NULL,7,733,5),(149470,233065,NULL,NULL,NULL,'Adult','0.37','U',NULL,NULL,NULL,NULL,NULL,7,485,63),(149472,233071,NULL,'Ed',NULL,'Juvenile','0.02','U',NULL,NULL,NULL,NULL,NULL,7,733,5),(149474,233072,NULL,'Barra',NULL,'Adult','0.31','F',NULL,NULL,NULL,NULL,NULL,7,485,63),(149476,233075,NULL,NULL,NULL,'Juvenile','0.31','F',NULL,NULL,NULL,NULL,NULL,17,77,5),(149478,233078,NULL,'Sweet Pea',NULL,'Juvenile','0.31','F',NULL,NULL,NULL,NULL,NULL,17,77,63),(149480,233086,NULL,'Ruby',NULL,'Adult','0.85','M',NULL,NULL,NULL,NULL,NULL,37,713,5),(149486,233091,NULL,'Freddy',NULL,'Subadult','0.112','U',NULL,NULL,NULL,NULL,NULL,7,327,5),(149488,233097,NULL,NULL,NULL,'Juvenile','0.051','U',NULL,NULL,NULL,NULL,NULL,7,215,63),(149490,233100,NULL,'Ringo',NULL,'Juvenile','0.113','U',NULL,NULL,NULL,NULL,NULL,7,23,5),(149492,233105,NULL,'Sophie',NULL,'Subadult','0.005','F',NULL,NULL,NULL,NULL,NULL,19,505,63),(149494,233111,NULL,'O\'Bryan',NULL,'Juvenile','0.057','U',NULL,NULL,NULL,NULL,NULL,7,595,63),(149496,233114,NULL,'Doodle',NULL,'Adult','0.24','U',NULL,NULL,NULL,NULL,NULL,7,485,5),(149498,233121,NULL,'Bob',NULL,'Adult','0.11','M',NULL,NULL,NULL,NULL,NULL,7,327,63),(149500,233122,NULL,'Savannah',NULL,'Juvenile','0.033','U',NULL,NULL,NULL,NULL,NULL,13,629,5),(149502,233127,NULL,'Toby',NULL,'Juvenile','3.45','M',NULL,NULL,NULL,NULL,NULL,35,701,5),(149504,233132,NULL,NULL,NULL,'Juvenile','0','U',NULL,NULL,NULL,NULL,NULL,7,327,63),(149506,233136,NULL,'Pebbles',NULL,'Juvenile','0.08','U',NULL,NULL,NULL,NULL,NULL,7,327,63),(149510,233142,NULL,NULL,NULL,'Juvenile','0.048','F',NULL,NULL,NULL,NULL,NULL,37,809,5),(149512,233145,NULL,NULL,NULL,'Juvenile','0.049','U',NULL,NULL,NULL,NULL,NULL,47,283,5),(149514,233149,NULL,'Moley',NULL,'Adult','0.45','U',NULL,NULL,NULL,NULL,NULL,51,171,5),(149516,233153,NULL,NULL,NULL,'Adult','0.33','U',NULL,NULL,NULL,NULL,NULL,11,771,5);
/*!40000 ALTER TABLE `azwh_patients` ENABLE KEYS */;
UNLOCK TABLES;

--
-- Table structure for table `azwh_permit_options`
--

DROP TABLE IF EXISTS `azwh_permit_options`;
/*!40101 SET @saved_cs_client     = @@character_set_client */;
 SET character_set_client = utf8mb4 ;
CREATE TABLE `azwh_permit_options` (
  `id` int(10) NOT NULL AUTO_INCREMENT,
  `group` varchar(50) NOT NULL DEFAULT '',
  PRIMARY KEY (`id`)
) ENGINE=InnoDB AUTO_INCREMENT=16 DEFAULT CHARSET=latin1;
/*!40101 SET character_set_client = @saved_cs_client */;

--
-- Dumping data for table `azwh_permit_options`
--

LOCK TABLES `azwh_permit_options` WRITE;
/*!40000 ALTER TABLE `azwh_permit_options` DISABLE KEYS */;
INSERT INTO `azwh_permit_options` VALUES (1,'Amphibian'),(3,'Reptiles/Snakes'),(5,'Birds'),(7,'Gliders'),(9,'Possums'),(11,'Macropods'),(13,'Marsupials'),(15,'Bats');
/*!40000 ALTER TABLE `azwh_permit_options` ENABLE KEYS */;
UNLOCK TABLES;

--
-- Table structure for table `azwh_permit_types`
--

DROP TABLE IF EXISTS `azwh_permit_types`;
/*!40101 SET @saved_cs_client     = @@character_set_client */;
 SET character_set_client = utf8mb4 ;
CREATE TABLE `azwh_permit_types` (
  `id` int(10) NOT NULL AUTO_INCREMENT,
  `name` varchar(50) DEFAULT '',
  `description` text,
  PRIMARY KEY (`id`)
) ENGINE=InnoDB AUTO_INCREMENT=8 DEFAULT CHARSET=latin1;
/*!40101 SET character_set_client = @saved_cs_client */;

--
-- Dumping data for table `azwh_permit_types`
--

LOCK TABLES `azwh_permit_types` WRITE;
/*!40000 ALTER TABLE `azwh_permit_types` DISABLE KEYS */;
INSERT INTO `azwh_permit_types` VALUES (1,'General Carers Permit',NULL),(3,'Special Permit - Birds of Prey Permit',''),(5,'Special Permit - Koalas',NULL),(7,'Special Permit - Monotremes',NULL);
/*!40000 ALTER TABLE `azwh_permit_types` ENABLE KEYS */;
UNLOCK TABLES;

--
-- Table structure for table `azwh_species`
--

DROP TABLE IF EXISTS `azwh_species`;
/*!40101 SET @saved_cs_client     = @@character_set_client */;
 SET character_set_client = utf8mb4 ;
CREATE TABLE `azwh_species` (
  `id` int(10) NOT NULL AUTO_INCREMENT,
  `name` varchar(100) DEFAULT '',
  `taxon_id` int(11) DEFAULT '0',
  PRIMARY KEY (`id`)
) ENGINE=InnoDB AUTO_INCREMENT=1085 DEFAULT CHARSET=utf8mb4 COLLATE=utf8mb4_0900_ai_ci;
/*!40101 SET character_set_client = @saved_cs_client */;

--
-- Dumping data for table `azwh_species`
--

LOCK TABLES `azwh_species` WRITE;
/*!40000 ALTER TABLE `azwh_species` DISABLE KEYS */;
INSERT INTO `azwh_species` VALUES (1,'(Blind Snake) Ramphotyphlops sp.',51),(3,'African Grey Parrot',5),(5,'Agile Wallaby',35),(7,'Alexandrine Parrot',5),(9,'Anomalopus Verreauxii',47),(11,'Antarctic Prion',11),(13,'Arctic Jaeger',11),(15,'Asian House Gecko',45),(17,'Asian Painted Frog',1),(19,'Australasian Gannet',11),(21,'Australasian Grebe',13),(23,'Australian Brush-turkey',7),(25,'Australian Bustard',9),(27,'Australian Hobby',9),(29,'Australian Magpie',7),(31,'Australian Owlet-Nightjar',7),(33,'Australian Pelican',11),(35,'Australian Pipit',7),(37,'Australian Raven',7),(39,'Australian White Ibis',7),(41,'Azure Kingfisher',7),(43,'Baillon\'s Crake',13),(45,'Bandy Bandy',51),(47,'Bar-shouldered Dove',7),(49,'Bar-Sided Skink',47),(51,'Bar-Tailed Godwit',7),(53,'Barbary Dove',5),(55,'Barking Owl',7),(57,'Barn Owl',7),(59,'Barred Cuckoo-Shrike',7),(61,'Bassian Thrush',7),(63,'Beach Stone-Curlew',7),(65,'Bearded Dragon',47),(67,'Beccari\'s Free-tailed Bat',19),(69,'Bell Miner',7),(71,'Black  Bittern',7),(73,'Black Cormorant',13),(75,'Black Faced Cuckoo Shrike',7),(77,'Black Flying Fox',17),(79,'Black Noddy',11),(81,'Black Rat',21),(83,'Black Striped Wallaby',35),(85,'Black Swan',13),(87,'Black Turtle',57),(89,'Black-Faced Monarch',7),(91,'Black-Flanked Rock Wallaby',35),(93,'Black-headed Python',51),(95,'Black-Necked Stork',7),(97,'Black-shouldered Kite',9),(99,'Blue-Breasted Fairy -Wren',7),(101,'Blue-faced Honeyeater',7),(103,'Blue-tongued Skink',47),(105,'Bottlenose Dolphin',23),(107,'Bourkes Parrot',7),(109,'Brahminy Kite',9),(111,'Bredli Python',51),(113,'Bridled Tern',11),(115,'Brisbane River Turtle',53),(117,'Broad Palmed Rocket Frog',3),(119,'Broad-shelled Turtle',53),(121,'Brolga',13),(123,'Brown Antechinus',31),(125,'Brown Booby',11),(127,'Brown Cuckoo-Dove',7),(129,'Brown Falcon',9),(131,'Brown Gerygone',7),(133,'Brown Goshawk',9),(135,'Brown Honeyeater',7),(137,'Brown Quail',7),(139,'Brown Thornbill',7),(141,'Brown Tree Snake',51),(143,'Brown Treecreeper',7),(145,'Brush-Tailed Phascogale',31),(147,'Budgerigar',7),(149,'Buff Banded Rail',7),(151,'Buff-Breasted Paradise-Kingfisher',7),(153,'Bulwer\'s Petrel',11),(155,'Burns\' Dragon',47),(157,'Burton\'s Legless Lizard',47),(159,'Bush Rat',25),(161,'Bush Stone Curlew',7),(163,'Bush-Hen',13),(165,'Button Quail',7),(167,'Cane Toad',1),(169,'Cape Barron Goose',13),(171,'Carpet Python',51),(173,'Cascade Treefrog',3),(175,'Caspian Tern',11),(177,'Cat',21),(179,'Cattle Egret',7),(181,'Central Bearded Dragon',47),(183,'Channel-billed Cuckoo',7),(185,'Chestnut-Breasted Mannikin',7),(187,'Chicken',5),(189,'Chocolate Wattled Bat',19),(191,'Coastal Taipan',51),(193,'Cockatiel',7),(195,'Collared Kingfisher',7),(197,'Collared Sparrow Hawk',9),(199,'Common Bronzewing',7),(201,'Common Brushtail Possum',37),(203,'Common Dunnart',31),(205,'Common Koel',7),(207,'Common Noddy',11),(209,'Common Planigale',31),(211,'Common Scaly-foot',47),(213,'Common Tern',11),(215,'Crested Pigeon',7),(217,'Crested Tern',11),(219,'Crimson Rosella',7),(221,'Cryptoblepharus Virgatus',47),(223,'Darter',13),(225,'Diamond Python',51),(227,'Dingo',15),(229,'Dog',21),(231,'Dollarbird',7),(233,'Domestic Duck',5),(235,'Double-Barred Finch',7),(237,'Dubois Sea Snake',49),(239,'Dugong',23),(241,'Dusky Moorhen',13),(243,'Dusky Woodswallow',7),(245,'Dwarf Crowned Snake',51),(247,'Eastern Bent-winged Bat',19),(249,'Eastern Blossom Bat',17),(251,'Eastern Broad-nosed Bat',19),(253,'Eastern Brown Snake',51),(255,'Eastern Cave Bat',19),(257,'Eastern Chestnut Mouse',25),(259,'Eastern Curlew',7),(261,'Eastern Forest Bat',19),(263,'Eastern Free-tailed Bat',19),(265,'Eastern Grey Kangaroo',35),(267,'Eastern Horseshoe Bat',19),(269,'Eastern Long-Eared Bat',19),(271,'Eastern Long-necked Turtle',53),(273,'Eastern Reef Egret',7),(275,'Eastern Rosella',7),(277,'Eastern Sedgefrog',3),(279,'Eastern Tubenosed Bat',17),(281,'Eastern Water Dragon',47),(283,'Eastern Water Skink',47),(285,'Eastern Whipbird',7),(287,'Eastern Yellow Robin',7),(289,'Echidna',41),(291,'Eclectus Parrot',7),(293,'Elegant Seasnake',49),(295,'Emerald Dove',7),(297,'Emerald-spotted Treefrog',3),(299,'Emu',7),(301,'Estuary Stingray',27),(303,'Eurasian Coot',13),(305,'Euro',35),(307,'European Hare',21),(309,'European Starling',5),(311,'Fairy Martin',7),(313,'Fairy Penguin',11),(315,'Fairy Prion',11),(317,'Fallow Deer',21),(319,'False Killer Whale',23),(321,'Fan-tailed Cuckoo',7),(323,'Feathertail Glider',37),(325,'Feral Pigeon',5),(327,'Fig Bird',7),(329,'Flatback Turtle',57),(331,'Flesh-footed Shearwater',11),(333,'Fluttering Shearwater',11),(335,'Forest Kingfisher',7),(337,'Fork-Tailed Swift',7),(339,'Fox',15),(341,'Freshwater Crocodile',43),(343,'Frillneck Lizard',47),(345,'Galah',7),(347,'Garden Skink',47),(349,'Gispland Water Dragon',47),(351,'Glossy Black-Cockatoo',7),(353,'Goat',21),(355,'Golden Pheasant',5),(357,'Golden Tipped Bat',19),(359,'Golden Whistler',7),(361,'Golden-crowned Snake',51),(363,'Golden-Headed Cisticola',7),(365,'Gould\'s Goanna',47),(367,'Gould\'s Long-eared Bat',19),(369,'Gould\'s Petrel',11),(371,'Gould\'s Wattled Bat',19),(373,'Graceful Tree Frog',3),(375,'Grass Owl',7),(377,'Grass Skink',47),(379,'Grassland Melomys',25),(381,'Great Barred-Frog',3),(383,'Great Cormorant',13),(385,'Great Crested Grebe',13),(387,'Great Egret',7),(389,'Great Winged Petrel',11),(391,'Greater Glider',37),(393,'Green Cat Bird',7),(395,'Green Iguana',45),(397,'Green Sea Turtle',57),(399,'Green Tree Frog',3),(401,'Green Tree Snake',51),(403,'Green-cheeked Conure',5),(405,'Grey Butcher Bird',7),(407,'Grey Crowned Babbler',7),(409,'Grey Fantail',7),(411,'Grey Goshawk',9),(413,'Grey Shrike-Thrush',7),(415,'Grey Teal',13),(417,'Grey-Headed Flying Fox',17),(419,'Guinea Fowl',5),(421,'Gull-Billed Tern',11),(423,'Hardhead',13),(425,'Hare',21),(427,'Hawksbill Turtle',57),(429,'Hermann\'s Tortoise',45),(431,'Hoary Wattled Bat',19),(433,'Hoary-Headed Grebe',13),(435,'Horned Sea Snake',49),(437,'Horse',21),(439,'House Mouse',21),(441,'House Sparrow',5),(443,'Humpback Whale',23),(445,'Hutton\'s Shearwater',11),(447,'Hybrid',15),(449,'Indian Miner',5),(451,'Indian Ringneck',5),(453,'Indopacific Humpback Dolphin',23),(455,'Intermediate Egret',7),(457,'Irwins Turtle',53),(459,'Kakariki',5),(461,'Keelback',51),(463,'King Brown',51),(465,'King Parrot',7),(467,'King Quail',7),(469,'Koala',33),(471,'Krefft\'s Turtle',53),(473,'Lace Monitor',47),(475,'Land Mullet',47),(477,'Large Forest Bat',19),(479,'Large-Billed Scrubwren',7),(481,'Large-Footed Myotis',19),(483,'Lathams Snipe',7),(485,'Laughing Kookaburra',7),(487,'Laughing Treefrog',3),(489,'Leaftailed Gecko',47),(491,'Lesser Frigatebird',11),(493,'Lesser Long-Eared Bat',19),(495,'Lewins Honeyeater',7),(497,'Lewins Rail',7),(499,'Light-Mantled Sooty Albatross',11),(501,'Little Bentwing Bat',19),(503,'Little Black Cormorant',13),(505,'Little Broad-nosed Bat',19),(507,'Little Corella',7),(509,'Little Eagle',9),(511,'Little Egret',7),(513,'Little Forest Bat',19),(515,'Little Friarbird',7),(517,'Little Pied Cormorant',13),(519,'Little Red Flying Fox',17),(521,'Little Shearwater',11),(523,'Little Shrike-thrush',7),(525,'Little Tern',11),(527,'Little Wattlebird',7),(529,'Loggerhead Turtle',57),(531,'Long Nosed Bandicoot',29),(533,'Long-billed Corella',7),(535,'Long-nosed Potoroo',35),(537,'MacQuarie Turtle',53),(539,'Magpie Goose',13),(541,'Magpie Lark',7),(543,'Major Mitchell\'s Cockatoo',7),(545,'Mallard Duck',5),(547,'Maned Duck',13),(549,'Marbled Frogmouth',7),(551,'Marbled Gecko',47),(553,'Marbled Godwit',11),(555,'Marsh Snake',51),(557,'Mary River Turtle',53),(559,'Masked Booby',11),(561,'Masked Lapwing',7),(563,'Masked Owl',7),(565,'Melon-headed Whale',23),(567,'Mistletoebird',7),(569,'Mountain Brushtail Possum',37),(571,'Moustached Parrot',5),(573,'Murray River Turtle',53),(575,'Muscovy Duck',5),(577,'Musk Lorikeet',7),(579,'Naked Treefrog',3),(581,'Nankeen Kestrel',9),(583,'Nankeen Night Heron',7),(585,'Nearshore Bottlenose',23),(587,'New Holland Honeyeater',7),(589,'New Zealand Fur Seal',23),(591,'No Identification',9),(593,'Noddy Tern',11),(595,'Noisy Friarbird',7),(597,'Noisy Minor',7),(599,'Noisy Pitta',7),(601,'Northern Brown Bandicoot',29),(603,'Northern Giant-Petrel',11),(605,'Northern Long-eared Bat',19),(607,'Northern Quoll',31),(609,'Northern Snapping Turtle',53),(611,'Olive Python',51),(613,'Olive Ridley Turtle',57),(615,'Olive Whistler',7),(617,'Olive-backed Oriole',7),(619,'Olive-Headed Sea Snake',49),(621,'Oriental Cockoo',7),(623,'Ornate Sea Snake',49),(625,'Osprey',9),(627,'Pacific Baza',9),(629,'Pacific Black Duck',13),(631,'Painted Button-quail',7),(633,'Painted Turtle',53),(635,'Pale-headed Rosella',7),(637,'Peaceful Dove',7),(639,'Peach-Faced Lovebird',5),(641,'Peacock',5),(643,'Peregrine Falcon',9),(645,'Pheasant Coucal',7),(647,'Pied Butcher Bird',7),(649,'Pied Cormorant',13),(651,'Pied Currawong',7),(653,'Pied Imperial-Pigeon',7),(655,'Pied Oystercatcher',11),(657,'Pig',21),(659,'Pink-tongued Skink',47),(661,'Platypus',41),(663,'Plumed Whistling Duck',13),(665,'Powerful Owl',7),(667,'Princess Parrot',7),(669,'Providence Petrel',11),(671,'Purple Swamphen',13),(673,'Rainbow Bee-Eater',7),(675,'Rainbow Lorikeet',7),(677,'Red Backed Wren',7),(679,'Red Kangaroo',35),(681,'Red-Backed Fairy-Wren',7),(683,'Red-bellied Black Snake',51),(685,'Red-Browed Finch',7),(687,'Red-capped Robin',7),(689,'Red-Chested Button-Quail',7),(691,'Red-Collared Lorikeet',7),(693,'Red-Eared Slider Turtle',55),(695,'Red-Footed Booby',11),(697,'Red-Legged Pademelon',35),(699,'Red-necked Pademelon',35),(701,'Red-necked Wallaby',35),(703,'Red-Rumped Parrot',7),(705,'Red-tailed Black Cockatoo',7),(707,'Red-Tailed Tropicbird',11),(709,'Regent Bowerbird',7),(711,'Restless Flycatcher',7),(713,'Ringtail Possum',37),(715,'Robust Velvet Gecko',47),(717,'Rock Dove',5),(719,'Rose-Crowned Fruit-Dove',7),(721,'Rough-scaled Snake',51),(723,'Royal Spoonbill',13),(725,'Rufous Bettong',35),(727,'Rufous Fantail',7),(729,'Rufous Whistler',7),(731,'Russet-Tailed Thrush',7),(733,'Sacred Kingfisher',7),(735,'Satin Bowerbird',7),(737,'Saw-shelled Turtle',53),(739,'Scaly-Breasted Lorikeet',7),(741,'Scarlet Honeyeater',7),(743,'Scarlet-Sided Pobblebonk',3),(745,'Shingleback',47),(747,'Shining Bronze-Cuckoo',7),(749,'Short Necked Turtle',53),(751,'Short-billed Corella',7),(753,'Short-Finned Pilot Whale',23),(755,'Short-tailed Shearwater',11),(757,'Shy Albatross',11),(759,'Silver Gull',11),(761,'Silvereye',7),(763,'Small-eyed Snake',51),(765,'Small-Headed Sea Snake',49),(767,'Snake-Necked Turtle',53),(769,'Sooty Owl',7),(771,'Sooty Shearwater',11),(773,'Sooty Tern',11),(775,'Southern Boobook',7),(777,'Southern Giant Petrel',11),(779,'Southern Hairy-Nosed Wombat',39),(781,'Southern Myotis',19),(783,'Spangled Drongo',7),(785,'Spectacled Flying Fox',17),(787,'Spectacled Monarch',7),(789,'Spectacled Sea Snake',49),(791,'Spine Tailed Sea Snake',49),(793,'Spotless Crake',7),(795,'Spotted Pardalote',7),(797,'Spotted Python',51),(799,'Spotted Turtle Dove',5),(801,'Spotted Turtle-Dove',5),(803,'Spotted-Tail Quoll',31),(805,'Spur-Winged Plover',7),(807,'Square Tailed Kite',9),(809,'Squirrel Glider',37),(811,'Stokes Sea Snake',49),(813,'Stoney-creek Frog',3),(815,'Straw-necked Ibis',7),(817,'Striated Heron',7),(819,'Striated Pardalote',7),(821,'Stripe-Faced Dunnart',31),(823,'Striped Marsh Frog',3),(825,'Striped Rocketfrog',3),(827,'Stubble Quail',7),(829,'Sugar Glider',37),(831,'Sulphur-crested Cockatoo',7),(833,'Superb Fruit-Dove',7),(835,'Superb Parrot',7),(837,'Swamp Harrier',9),(839,'Swamp Rat',25),(841,'Swamp Wallaby',35),(843,'Tawny Frog Mouth',7),(845,'Tawny Grassbird',7),(847,'Thorny Devil',47),(849,'Tiger Snake',51),(851,'Topknot Pigeon',7),(853,'Torresian Crow',7),(855,'Tree Martin',7),(857,'Turquoise Parrot',7),(859,'Turtle Headed Sea Snake',49),(861,'Tusked Frog',3),(863,'Two-Lined Dragon',47),(865,'Variegated Fairy-Wren',7),(867,'Velvet Spotted Gecko',47),(869,'Verreaux\'s Skink',47),(871,'Wall Skink',47),(873,'Wallaroo',35),(875,'Water Python',51),(877,'Water Rat',25),(879,'Water Skink',47),(881,'Wattlebird',7),(883,'Wedge-tailed Eagle',9),(885,'Wedge-tailed Shearwater',11),(887,'Welcome Swallow',7),(889,'Western Red Kangaroo',35),(891,'Westland Petrel',11),(893,'Whiptail Wallaby',35),(895,'Whistling Kite',9),(897,'Wandering Whistling-Duck',13),(899,'White Browed Scrub Wren',7),(901,'White Fronted Tern',11),(903,'White Swan',5),(905,'White Tern',11),(907,'White-throated Nightjar',7),(909,'White-Bellied Sea-Eagle',11),(911,'White-Breasted Woodswallow',7),(913,'White-crowned Snake',51),(915,'White-faced Heron',7),(917,'White-Faced Storm-Petral',11),(919,'White-headed Pigeon',7),(921,'White-Lipped Treefrog',3),(923,'White-Necked Heron',7),(925,'White-striped Free-tailed Bat',19),(927,'White-Throated Honeyeater',7),(929,'White-throated Needletail',7),(931,'White-throated Nightjar',7),(933,'White-Throated Snapping Turtle',53),(935,'White-winged Chough',7),(937,'Willie Wagtail',7),(939,'Woma Python',51),(941,'Wompoo Pigeon',7),(943,'Wonga Pigeon',7),(945,'Wood Duck',13),(947,'Yellow Bellied Glider',37),(949,'Yellow-bellied Sea Snake',49),(951,'Yellow-Bellied Sheathtail Bat',19),(953,'Yellow-Billed Spoonbill',13),(955,'Yellow-faced Whip Snake',51),(957,'Yellow-footed Antechinus',31),(959,'Yellow-Headed Snapping Turtle',53),(961,'Yellow-Spotted Monitor',47),(963,'Yellow-tailed Black-Cockatoo',7),(965,'Yellow-Throated Scrubwren',7),(967,'Z Do Not Use Butcher Bird',7),(969,'Z Do Not Use Legless Lizard',47),(971,'Z Do Not Use Nightjar',7),(973,'Zebra Finch',7),(975,'Pink-eared Duck',13),(977,'Short-eared Mountain Possum',37),(979,'Common Diving Petrel',11),(981,'Spotted Harrier',9),(983,'Varied Triller',7),(985,'No identification',7),(987,'Horsfield\'s Bronze-Cuckoo',7),(989,'Leaden Flycatcher',7),(991,'Yellow-faced Honeyeater',7),(993,'Domestic Goose',5),(995,'Western Grey Kangaroo',35),(997,'Mangrove Gerygone',7),(999,'Spine-bellied Sea Snake',49),(1001,'Little Lorikeet',7),(1003,'White Dove',5),(1005,'Black-winged Stilt',11),(1007,'Ornamental Snake',51),(1009,'Eastern Tube Nosed Bat',19),(1011,'English Spotted Rabbit',25),(1013,'Golden-tailed gecko',47),(1015,'White-cheeked Honeyeater',7),(1017,'Striped Honeyeater',7),(1018,'Children\'s Python',51),(1020,'Saltwater Crocodile',43),(1022,'Cicadabird',7),(1024,'Risso\'s Dolphin',23),(1026,'Pale-Yellow Robin',7),(1028,'Great Skua',11),(1030,'Slender-billed Prion',11),(1032,'Jacky Winter',7),(1034,'Crimson-billed Concure',5),(1036,'Ground Parrot',7),(1038,'Centralian Carpet Python',51),(1040,'Java Sparrow',5),(1042,'Superb Fairy Wren',7),(1044,'Proserpine Rock Wallaby',35),(1046,'Dusky Honeyeater',7),(1048,'Brush Cuckoo',7),(1050,'Gouldian Finch',7),(1052,'Jungle Carpet Python',51),(1054,'Blue-winged Kookaburra',7),(1056,'Ferrett',21),(1058,'Major Skink',47),(1060,'Mangrove Honeyeater',7),(1062,'Pale-vented bush hen',13),(1064,'Chestnut Teal',13),(1066,'Domestic Pigeon',5),(1068,'Cownose Stingray',27),(1070,'Tommy Roundhead Dragon',47),(1072,'brown rat',21),(1074,'Spotted Nightjar',7),(1076,'Helmeted Friar Bird',7),(1078,'Eastern Koel',7),(1080,'Burdekin Duck',13),(1082,'Whistling Duck',13),(1084,'Desert Treefrog',3);
/*!40000 ALTER TABLE `azwh_species` ENABLE KEYS */;
UNLOCK TABLES;

--
-- Table structure for table `azwh_suburbs`
--

DROP TABLE IF EXISTS `azwh_suburbs`;
/*!40101 SET @saved_cs_client     = @@character_set_client */;
 SET character_set_client = utf8mb4 ;
CREATE TABLE `azwh_suburbs` (
  `id` int(10) NOT NULL AUTO_INCREMENT,
  `name` varchar(100) NOT NULL,
  `postcode` varchar(6) NOT NULL,
  `state` varchar(3) DEFAULT NULL,
  `jurisdiction_id` int(11) DEFAULT '0',
  `recheck` int(11) DEFAULT '0',
  PRIMARY KEY (`id`),
  KEY `jurisdiction_id` (`jurisdiction_id`),
  CONSTRAINT `azwh_suburbs_ibfk_1` FOREIGN KEY (`jurisdiction_id`) REFERENCES `azwh_jurisdictions` (`id`)
) ENGINE=InnoDB AUTO_INCREMENT=2854 DEFAULT CHARSET=latin1;
/*!40101 SET character_set_client = @saved_cs_client */;

--
-- Dumping data for table `azwh_suburbs`
--

LOCK TABLES `azwh_suburbs` WRITE;
/*!40000 ALTER TABLE `azwh_suburbs` DISABLE KEYS */;
INSERT INTO `azwh_suburbs` VALUES (3,'ACLAND','4401','QLD',103,0),(5,'ADARE','4343','QLD',57,0),(7,'ADVANCETOWN','4211','QLD',43,0),(9,'AGNES WATER','4677','QLD',41,0),(13,'ALBANY CREEK','4035','QLD',67,0),(15,'ALBION','4822','QLD',15,0),(17,'ALDERLEY','4051','QLD',15,0),(19,'ALDERSHOT','4650','QLD',39,0),(21,'ALEXANDRA HEADLAND','4572','QLD',99,0),(25,'ALEXANDRA HILLS','4161','QLD',81,0),(27,'ALLENVIEW','4285','QLD',91,0),(29,'ALLORA','4362','QLD',97,0),(31,'ALPHA','4724','QLD',9,0),(33,'ALPHADALE','2480','NSW',75,0),(35,'ALSTONVILLE','2477','NSW',75,0),(37,'AMAMOOR','4570','QLD',47,0),(39,'AMAROO','4829','QLD',37,0),(41,'AMBERLEY','4306','QLD',91,0),(43,'AMITY POINT','4183','QLD',81,0),(45,'ANDURAMBA','4355','QLD',103,0),(47,'ANNERLEY','4103','QLD',15,0),(49,'ANSTEAD','4070','QLD',15,0),(51,'ARANA HILLS','4054','QLD',67,0),(53,'ARATULA','4309','QLD',91,0),(55,'ARCHERFIELD','4108','QLD',15,0),(57,'ARMSTRONG CREEK','4520','QLD',67,0),(59,'AROONA','4551','QLD',99,0),(61,'ARUNDEL','4214','QLD',43,0),(65,'ASCOT','4007','QLD',15,0),(67,'ASHBY','6065','WA',55,0),(69,'ASHBY HEIGHTS','2463','NSW',75,0),(71,'ASHGROVE','4060','QLD',15,0),(73,'ASHMORE','4214','QLD',43,0),(75,'ASPLEY','4034','QLD',15,0),(77,'ATHERTON','4883','QLD',1,0),(79,'AUCHENFLOWER','4066','QLD',15,0),(81,'AUGATHELLA','4477','QLD',69,0),(83,'AUSTINVILLE','4213','QLD',43,0),(87,'BAFFLE CREEK','4674','QLD',41,0),(89,'BAHRS SCRUB','4207','QLD',59,0),(91,'BALD HILLS','4036','QLD',15,0),(93,'BALD KNOB','4552','QLD',99,0),(95,'BALLANDEAN','4382','QLD',99,0),(97,'BALLINA','2478','NSW',75,0),(99,'BALLOGIE','4610','QLD',95,0),(101,'BALMORAL','4171','QLD',15,0),(103,'BALMORAL RIDGE','4552','QLD',99,0),(105,'BAN BAN SPRINGS','4625','QLD',19,0),(107,'BANGALOW','2479','NSW',23,0),(109,'BANKSIA BEACH','4507','QLD',67,0),(111,'BANYO','4014','QLD',15,0),(113,'BARAMBAH','4601','QLD',47,0),(117,'BARCALDINE','4725','QLD',9,0),(119,'BARDON','4065','QLD',15,0),(121,'BARELLAN POINT','4306','QLD',91,0),(123,'BARGARA','4670','QLD',17,0),(125,'BATTERY HILL','4551','QLD',99,0),(127,'BAUPLE','4650','QLD',39,0),(129,'BEACHMERE','4510','QLD',67,0),(131,'BEAUDESERT','4285','QLD',91,0),(135,'BEECHMONT','4211','QLD',43,0),(137,'BEENLEIGH','4207','QLD',59,0),(139,'BEERBURRUM','4517','QLD',99,0),(141,'BEERWAH','4519','QLD',99,0),(143,'BELL','4408','QLD',35,0),(145,'BELL\'S CREEK','4551','QLD',99,0),(147,'BELLARA','4507','QLD',67,0),(149,'BELLBIRD PARK','4300','QLD',91,0),(151,'BELLBOWRIE','4070','QLD',15,0),(153,'BELLI PARK','4562','QLD',99,0),(155,'BELLMERE','4510','QLD',67,0),(157,'BELLS CREEK','4551','QLD',99,0),(159,'BELLTHORPE','4514','QLD',67,0),(161,'BELLMERE','4510','QLD',67,0),(163,'BELMONT','4153','QLD',15,0),(165,'BELTHORPE','4514','QLD',67,0),(167,'BENARABY','4680','QLD',41,0),(169,'BENARKIN','4306','QLD',95,0),(171,'BENORA POINT','2486','NSW',59,0),(173,'BERRINBA','4117','QLD',59,0),(175,'BETHANIA','4205','QLD',59,0),(177,'BEXHILL','2480','NSW',75,0),(179,'BIDDESTON','4401','QLD',103,0),(181,'BIEMER BAY','6338','WA',75,0),(183,'BIGGENDEN','4621','QLD',73,0),(185,'BILOELA','4715','QLD',7,0),(187,'BINNA BURRA','4211','QLD',91,0),(189,'BIRKDALE','4159','QLD',81,0),(191,'BIRNAM ','4285','QLD',91,0),(193,'BIRTINYA','4575','QLD',99,0),(195,'BLACK MOUNTAIN','4563','QLD',99,0),(199,'BLACKALL','4472','QLD',13,0),(203,'BLACKBUTT','4306','QLD',95,0),(205,'BLI BLI','4560','QLD',99,0),(207,'BOKARINA','4575','QLD',99,0),(209,'BOLLON','4488','QLD',5,0),(211,'BONGAREE','4507','QLD',67,0),(213,'BONOGIN','4213','QLD',43,0),(215,'BOOIE','4610','QLD',95,0),(217,'BOONAH','4310','QLD',91,0),(221,'BOONDALL','4034','QLD',15,0),(225,'BOONOOROO','4650','QLD',33,0),(227,'BOOERIE CREEK','2480','NSW',55,0),(229,'BOOROOBIN','4552','QLD',67,0),(231,'BOOVAL','4304','QLD',91,0),(233,'BAUPLE','4650','QLD',39,0),(235,'BOREEN POINT','4565','QLD',99,0),(237,'BORONIA HEIGHTS','4124','QLD',59,0),(239,'BOWEN','4805','QLD',113,0),(241,'BOWEN HILLS','4006','QLD',15,0),(243,'BOYLAND','4275','QLD',91,0),(245,'BOYNE ISLAND','4680','QLD',41,0),(249,'BRACALBA','4512','QLD',67,0),(251,'BRACKEN RIDGE','4017','QLD',15,0),(253,'BRAMPTON ISLAND','4741','QLD',113,0),(255,'BRAY PARK','4500','QLD',67,0),(257,'BREAKFAST CREEK','2849','NSW',15,0),(259,'BRENDALE','4500','QLD',67,0),(261,'BRIBIE ISLAND','4507','QLD',67,0),(263,'BRIDGEMAN DOWNS','4035','QLD',15,0),(265,'BRIDGES','4561','QLD',99,0),(267,'BRIGHTON','4017','QLD',15,0),(269,'BRIGHTVIEW','4311','QLD',93,0),(271,'BRISBANE','9020','QLD',15,0),(273,'BRISBANE ADELAIDE STREET','4000','QLD',15,0),(275,'BRISBANE AIRPORT','4008','QLD',15,0),(277,'BRISBANE CITY','4000','QLD',15,0),(281,'BRISBANE GPO','4000','QLD',15,0),(283,'BROADBEACH','4218','QLD',43,0),(285,'BROADWATER','4380','QLD',43,0),(287,'BROKEN HEAD','2481','NSW',75,0),(289,'BROOKFIELD','4069','QLD',15,0),(291,'BROOKSIDE CENTRE','4053','QLD',15,0),(293,'BROOKSTEAD','4364','QLD',103,0),(295,'BROOLOO','4570','QLD',47,0),(297,'BROOWEENA','4620','QLD',39,0),(299,'BROWNS PLAINS','4118','QLD',59,0),(303,'BRUNSWICK HEADS','2483','NSW',23,0),(305,'BRYMAROO','4403','QLD',103,0),(307,'BUARABA','4311','QLD',93,0),(309,'BUCCAN','4207','QLD',59,0),(311,'BUDDINA','4575','QLD',99,0),(313,'BUDERIM','4556','QLD',99,0),(319,'BULIMBA','4171','QLD',15,0),(321,'BULWER ISLAND','4008','QLD',15,0),(323,'BUNDABERG','4670','QLD',17,0),(325,'BUNDABERG EAST','4670','QLD',17,0),(327,'BUNDANOON','6522','WA',75,0),(331,'BUNYA','4055','QLD',67,0),(335,'BURBANK','4156','QLD',15,0),(337,'BURKETOWN','4830','QLD',21,0),(339,'BURLEIGH BC','4220','QLD',43,0),(341,'BURLEIGH HEADS','4220','QLD',43,0),(343,'BURLEIGH WATERS','4220','QLD',43,0),(345,'BURNETT HEADS','4670','QLD',17,0),(347,'BURNSIDE','4560','QLD',99,0),(351,'BURPENGARY','4505','QLD',67,0),(353,'BURRINGBAR','2483','NSW',75,0),(355,'BURRUM HEADS','4659','QLD',39,0),(357,'BUXTON','4660','QLD',17,0),(359,'BYEE','4605','QLD',95,0),(361,'BYFIELD','4703','QLD',85,0),(363,'BYRON BAY','2481','NSW',75,0),(365,'CABARLAH','4352','QLD',103,0),(367,'CABARITA BEACH','2488','NSW',75,0),(369,'CABARLAH','4352','QLD',103,0),(371,'CABBAGE TREE','3364','VIC',59,0),(377,'CABOOLTURE','4510','QLD',67,0),(379,'CAIRNS','4870','QLD',25,0),(381,'CALAMVALE','4116','QLD',15,0),(383,'CALICO CREEK','4570','QLD',47,0),(385,'CALLIOPE','4680','QLD',41,0),(387,'CALOUNDRA','4551','QLD',99,0),(389,'CALOUNDRA WEST','4551','QLD',99,0),(391,'CAMBOOYA','4358','QLD',103,0),(393,'CAMBROON','4552','QLD',99,0),(395,'CAMIRA','4300','QLD',91,0),(397,'CAMP HILL','4152','QLD',15,0),(399,'CAMP MOUNTAIN','4520','QLD',67,0),(401,'CANIABA','2480','NSW',55,0),(403,'CANNON HILL','4170','QLD',15,0),(405,'CANUNGRA','4275','QLD',91,0),(407,'CAPALABA','4157','QLD',81,0),(409,'CAPALABA WEST','4157','QLD',15,0),(411,'CAPE MORETON','4025','QLD',15,0),(413,'CAPE YORK','4876','QLD',118,0),(415,'CAPTAIN CREEK','4677','QLD',41,0),(417,'CARBROOK','4130','QLD',59,0),(419,'CARINA','4152','QLD',81,0),(421,'CARINA HEIGHTS','4152','QLD',15,0),(423,'CARINDALE','4152','QLD',15,0),(425,'CARMILA','4739','QLD',51,0),(427,'CARNEYS CREEK','4310','QLD',91,0),(429,'CAROOL','2486','NSW',75,0),(431,'CARRARA','4211','QLD',43,0),(433,'CARINDALE','4512','QLD',15,0),(435,'CARSELDINE','4034','QLD',15,0),(437,'CARTERS RIDGE','4563','QLD',99,0),(439,'CASHMERE','4500','QLD',67,0),(441,'CASINO','2470','NSW',75,0),(445,'CASTAWAYS BEACH','4567','QLD',99,0),(447,'CAWONGLA','2474','NSW',75,0),(449,'CECIL PLAINS','4407','QLD',103,0),(451,'CEDAR CREEK','4520','QLD',67,0),(453,'CEDAR CREEK (LOGAN/GOLDCOAST)','4207','QLD',59,0),(457,'CEDAR GROVE','4285','QLD',59,0),(459,'CEDAR POCKET','4570','QLD',47,0),(461,'CEDAR VALE','4285','QLD',59,0),(463,'CEDARTON','4514','QLD',67,0),(467,'CHAMBERS FLAT','4133','QLD',59,0),(471,'CHANDLER','4155','QLD',15,0),(473,'CHAPEL HILL','4069','QLD',15,0),(475,'CHARLEVILLE','4470','QLD',69,0),(477,'CHARTERS TOWERS','4820','QLD',35,0),(479,'CHATSWOOD HILLS','4127','QLD',59,0),(481,'CHATSWORTH','4570','QLD',47,0),(485,'CHELMER','4068','QLD',15,0),(487,'CHERBOURG','4605','QLD',95,0),(489,'CHERMSIDE','4032','QLD',15,0),(491,'CHERMSIDE WEST','4032','QLD',15,0),(493,'CHEVALLUM','4555','QLD',99,0),(495,'CHILDERS','4660','QLD',17,0),(497,'CHINCHILLA','4413','QLD',35,0),(501,'CHINDERAH','2487','NSW',75,0),(503,'CHINGHEE CREEK','4285','QLD',91,0),(505,'CHURCHABLE','4311','QLD',57,0),(507,'CHUWAR','4306','QLD',91,0),(509,'CLAGIRABA','4211','QLD',43,0),(511,'CLARENDON','4311','QLD',57,0),(513,'CLAYFIELD','4011','QLD',15,0),(515,'CLEAR MOUNTAIN','4500','QLD',67,0),(517,'CLERMONT','4721','QLD',51,0),(519,'CLEVELAND','4163','QLD',81,0),(521,'CLONTARF','4357','QLD',67,0),(523,'CLOSEBURN','4520','QLD',67,0),(525,'CLOYNA','4605','QLD',95,0),(527,'CLUNES','3370','VIC',75,0),(529,'COALDALE','2460','NSW',55,0),(531,'KOBBLE CREEK','4520','QLD',67,0),(533,'CODRINGTON','3285','VIC',75,0),(535,'COOROIBAH','4565','QLD',99,0),(537,'COES CREEK','4560','QLD',99,0),(539,'COFFS HARBOUR','2450','NSW',75,0),(543,'COLINTON','4306','QLD',93,0),(547,'COLUMBOOLA','4415','QLD',111,0),(549,'COMMISSIONERS FLAT','4514','QLD',67,0),(553,'CONDAMINE','4416','QLD',35,0),(555,'CONONDALE','4552','QLD',99,0),(557,'COOCHIEMUDLO ISLAND','4184','QLD',81,0),(559,'COOCHIN','4310','QLD',91,0),(561,'COOCHIN CREEK','4519','QLD',99,0),(563,'COOKTOWN','4895','QLD',31,0),(565,'COOLABUNIA','4610','QLD',95,0),(567,'COOLOOLA','4580','QLD',47,0),(569,'COOLOOLA COVE','4580','QLD',47,0),(571,'COOLOOLABIN','4560','QLD',99,0),(573,'COOLUM','4573','QLD',99,0),(575,'COOLUM BEACH','4573','QLD',99,0),(577,'COOMBABAH','4216','QLD',43,0),(579,'COOMERA','4209','QLD',43,0),(581,'COOMINYA','4311','QLD',93,0),(583,'COONABARABRAN','2357','NSW',75,0),(585,'COONAMBLE','2829','NSW',75,0),(589,'COOPERS CREEK','5731','SA',75,0),(591,'COOPERS PLAINS','4108','QLD',15,0),(593,'COORAN','4569','QLD',99,0),(595,'COOROIBAH','4565','QLD',99,0),(597,'COOROY','4563','QLD',99,0),(599,'COORPAROO','4151','QLD',15,0),(601,'COOTHARABA','4565','QLD',99,0),(603,'COOYAR','4402','QLD',103,0),(605,'COPPABELLA','4741','QLD',51,0),(607,'CORAKI','2471','NSW',75,0),(609,'CORINDA','4075','QLD',15,0),(611,'CORNUBIA','4130','QLD',59,0),(613,'COTTON TREE','4558','QLD',99,0),(615,'CRAIGSLEA','4032','QLD',15,0),(621,'CRESTMEAD','4132','QLD',59,0),(623,'CROHAMHURST','4519','QLD',99,0),(625,'CROSSDALE','4312','QLD',93,0),(629,'CROWS NEST','4355','QLD',103,0),(631,'CRYSTAL WATERS','4552','QLD',99,0),(633,'CUNNAMULLA','4490','QLD',77,0),(635,'CURRA','4570','QLD',47,0),(637,'CURRAMORE','4552','QLD',99,0),(639,'CURRIMUNDI','4551','QLD',99,0),(641,'CURRUMBIN','4223','QLD',43,0),(643,'CURRUMBIN VALLEY','4223','QLD',43,0),(645,'CURRUMBIN WATERS','4223','QLD',43,0),(647,'CURTIS ISLAND','4680','QLD',41,0),(649,'CUSHNIE','4608','QLD',95,0),(651,'D\'AGUILAR','4514','QLD',67,0),(653,'DAISY HILL','4127','QLD',59,0),(655,'DAKABIN','4503','QLD',67,0),(657,'DALBY','4405','QLD',35,0),(659,'DALVEEN','4374','QLD',99,0),(661,'DARRA','4076','QLD',15,0),(663,'DAYBORO','4521','QLD',67,0),(665,'DEAGON','4017','QLD',15,0),(667,'DECEPTION BAY','4508','QLD',67,0),(669,'DEEPWATER','4674','QLD',99,0),(671,'DELANEY\'S CREEK','4514','QLD',67,0),(673,'DELANEYS CREEK','4514','QLD',67,0),(675,'DIAMOND HEAD','2443','NSW',75,0),(677,'DIAMOND VALLEY','4553','QLD',99,0),(679,'DICKY BEACH','4551','QLD',99,0),(683,'DIDDILLIBAH','4559','QLD',99,0),(689,'DINMORE','4303','QLD',91,0),(691,'DIRRANBANDI','4486','QLD',5,0),(695,'DONNYBROOK','4510','QLD',67,0),(697,'DOOLANDELLA','4077','QLD',15,0),(699,'DOONAN','4562','QLD',99,0),(701,'DOONYBROOK','4510','QLD',67,1),(703,'DORROUGBY','2480','NSW',75,0),(705,'DOUBLE ISLAND','','QLD',47,0),(709,'DRAKE','2469','NSW',75,0),(711,'DRAPER','4520','QLD',67,0),(713,'DREWVALE','4116','QLD',15,0),(715,'DULONG','4560','QLD',99,0),(717,'DUNDUBARA','4650','QLD',39,0),(719,'DUNDOWRAN','4655','QLD',39,0),(721,'DUNDOWRAN BEACH','4655','QLD',39,0),(725,'DUNOON','2480','NSW',75,0),(727,'DUNWICH','4183','QLD',81,0),(729,'DURANBAH','2487','NSW',75,0),(731,'DUTTON PARK','4102','QLD',15,0),(733,'EAGLE FARM','4009','QLD',15,0),(735,'EAGLE HEIGHTS','4271','QLD',91,0),(737,'EAGLE JUNCTION','4011','QLD',15,0),(739,'EAGLEBY','4207','QLD',59,0),(741,'EARWAHVALE','',NULL,99,0),(743,'EAST BALLINA','2478','NSW',75,0),(745,'EAST BRISBANE','4169','QLD',15,0),(747,'EAST LISMORE','2480','NSW',55,0),(749,'EATON\'S HILL','4037','QLD',67,0),(751,'EATONS HILL','4037','QLD',67,0),(753,'EBENEZER','4340','QLD',91,0),(755,'EDENS LANDING','4207','QLD',59,0),(757,'EEL CREEK','4570','QLD',47,1),(759,'EERWAH VALE','4562','QLD',99,0),(761,'EIDSVOLD','4627','QLD',73,0),(763,'EIGHT MILE PLAINS','4113','QLD',15,0),(765,'ELAMAN CREEK','4552','QLD',99,0),(767,'ELANORA','4221','QLD',43,0),(771,'ELIMBAH','4516','QLD',67,0),(773,'ELLESMERE','4610','QLD',95,0),(775,'ELTHAM','3095','VIC',75,0),(777,'EMERALD','4720','QLD',27,0),(779,'EMU CREEK','4355','QLD',99,0),(781,'ENOGGERA','4051','QLD',15,0),(783,'EROMANGA','4480','QLD',79,0),(785,'ESK','4312','QLD',93,0),(787,'ETON','4741','QLD',63,0),(789,'EUDLO','4554','QLD',99,0),(791,'EULO','4491','QLD',77,0),(793,'EUMUNDI','4562','QLD',99,0),(795,'EUREKA','4660','QLD',55,0),(797,'EURONG','4581','QLD',39,0),(799,'EVANS HEAD','2473','NSW',75,0),(801,'EVERTON HILLS','4053','QLD',67,0),(803,'EVERTON PARK','4053','QLD',15,0),(805,'FAIRFIELD','4103','QLD',15,0),(807,'FEDERAL','4568','QLD',99,0),(809,'FELTON','4358','QLD',103,0),(811,'FERNVALE','4306','QLD',93,0),(813,'FERNY GROVE','4055','QLD',15,0),(815,'FERNY HILLS','4055','QLD',15,0),(817,'FIG TREE POCKET','4069','QLD',15,0),(821,'FISHMAN ISLAND','4178','QLD',15,0),(823,'FITZGIBBON','4018','QLD',15,0),(825,'FLAGSTONE','4344','QLD',59,1),(827,'FLAXTON','4560','QLD',99,0),(829,'FLINDERS BEACH','4183','QLD',81,1),(831,'FOREST GLEN','4556','QLD',99,0),(833,'FOREST HILL','4342','QLD',57,0),(835,'FOREST LAKE','4078','QLD',15,0),(837,'FORESTDALE','4118','QLD',59,0),(839,'FORTITUDE VALLEY','4006','QLD',15,0),(841,'FRASER ISLAND','4581','QLD',39,0),(843,'FRENCHS FOREST','2086','NSW',67,0),(845,'GAILES','4300','QLD',91,0),(847,'GAINSBOROUGH PARK','4156','QLD',15,0),(849,'GATTON','4343','QLD',57,0),(851,'GATTON COLLEGE','4345','QLD',57,0),(853,'GAVEN','4211','QLD',43,0),(857,'GAYNDAH','4625','QLD',73,0),(859,'GAYTHORNE','4051','QLD',15,0),(861,'GEEBUNG','4034','QLD',15,0),(863,'GEHAM','4352','QLD',103,0),(865,'GHEERULLA','4574','QLD',99,0),(867,'GILLDORA','4570','QLD',47,0),(869,'GILSTON','4211','QLD',43,0),(871,'GIN GIN','4671','QLD',17,0),(873,'GLADSTONE','4680','QLD',41,0),(875,'GLAMORGAN VALE','4306','QLD',93,1),(877,'GLASS HOUSE MOUNTAINS','4518','QLD',99,0),(881,'GLASTONBURY','4570','QLD',47,0),(883,'GLENDON','2330','NSW',97,0),(885,'GLENEAGLE','4285','QLD',91,0),(887,'GLENFIELDS','4557','QLD',99,0),(889,'GLENMORGAN','4423','QLD',35,0),(891,'GLENVIEW','4553','QLD',99,0),(893,'GLENWOOD','4570','QLD',17,0),(895,'GODWIN BEACH','4511','QLD',67,0),(899,'GOLDEN BEACH','4551','QLD',99,0),(901,'GOODNA','4300','QLD',91,0),(905,'GOOMBOORIAN','4570','QLD',47,0),(907,'GOOMBUNGEE','4354','QLD',103,0),(909,'GOOMERI','4601','QLD',47,0),(911,'GOONDIWINDI','4390','QLD',45,0),(913,'GOONELLABAH','2480','NSW',75,0),(915,'GOONENGERRY','2482','NSW',75,0),(917,'GORDON PARK','4031','QLD',15,0),(919,'GORDONBROOK','4610','QLD',95,0),(921,'GOSFORD','2250','NSW',75,0),(923,'GRACEMERE','4702','QLD',85,0),(925,'GRACEVILLE','4075','QLD',15,0),(927,'GRAFTON','2460','NSW',23,0),(929,'GRANVILLE','2142','NSW',39,0),(931,'GRANDCHESTER','4340','QLD',91,0),(933,'GRANGE','4051','QLD',15,0),(935,'GRANTHAM','4347','QLD',57,0),(937,'GREENBANK','4124','QLD',59,0),(939,'GREENFIELDS','6210','WA',75,0),(941,'GREENMOUNT','4751','QLD',103,0),(943,'GREENSLOPES','4120','QLD',15,0),(945,'GREGSON PLACE','4551','QLD',99,0),(947,'GRETA','3675','VIC',17,0),(949,'GRIFFIN','4503','QLD',67,0),(951,'GROOMSVILLE','4352','QLD',103,0),(953,'GROVELY','4054','QLD',15,0),(955,'GUANABA','4210','QLD',43,0),(957,'GUMDALE','4154','QLD',15,0),(961,'GUNALDA','4570','QLD',39,0),(963,'GUNDAGAI','2722','NSW',75,0),(965,'GUNDARIMBA','2480','NSW',75,0),(967,'GUNDIAH','4650','QLD',39,0),(969,'GYMPIE','4570','QLD',47,0),(971,'HADEN','4353','QLD',103,0),(973,'HAMILTON','4007','QLD',15,0),(975,'HAMPTON','4352','QLD',103,0),(977,'HAPPY VALLEY (FRASER ISLAND)','4581','QLD',39,0),(979,'HARLIN','4306','QLD',93,0),(981,'HARPER CREEK','4552','QLD',67,0),(983,'HATTON VALE','4341','QLD',57,1),(985,'HAWTHORN','5062','SA',75,0),(987,'HAWTHORNE','4171','QLD',15,0),(989,'HAZELDEAN','4515','QLD',93,0),(991,'HEATHWOOD','4110','QLD',81,0),(993,'HIGHFIELDS','4352','QLD',103,1),(995,'HELENSVALE','4212','QLD',43,0),(997,'HELIDON','4344','QLD',57,0),(999,'HEMMANT','4174','QLD',15,0),(1001,'HENDRA','4011','QLD',15,0),(1003,'HERITAGE PARK','4118','QLD',59,0),(1005,'HERSTON','4006','QLD',15,0),(1007,'HERVEY BAY','4655','QLD',39,0),(1011,'HIGHFIELDS','4352','QLD',103,0),(1013,'HIGHGATE HILL','4101','QLD',15,0),(1017,'HIGHVALE','4520','QLD',67,0),(1019,'HIGHWORTH','4560','QLD',99,0),(1021,'HILL VIEW','4285','QLD',59,0),(1023,'HILLCREST','4118','QLD',59,0),(1027,'HORTON PARADE','4558','QLD',99,0),(1029,'HOLLAND PARK','4121','QLD',15,0),(1031,'HOLMVIEW','4207','QLD',59,0),(1033,'HOPE ISLAND','4212','QLD',43,0),(1035,'HORNSBY','2077','NSW',75,0),(1037,'HORSESHOE CK','2474','NSW',53,0),(1039,'HOWARD','4659','QLD',39,0),(1041,'HUNCHY','4555','QLD',99,0),(1043,'HUONBROOK','2482','NSW',55,0),(1045,'HUSSY CREEK','4519','QLD',99,0),(1049,'ILKLEY','4554','QLD',99,0),(1053,'IMAGE FLAT','4560','QLD',47,0),(1055,'IMBIL','4570','QLD',47,0),(1057,'INALA','4077','QLD',15,0),(1059,'INDOOROOPILLY','4068','QLD',15,0),(1061,'INGLEWOOD','4387','QLD',45,0),(1063,'INSKIP POINT','4581','QLD',47,0),(1065,'INVERELL','2360','NSW',75,0),(1067,'INVERLAW','4610','QLD',95,0),(1069,'IPSWICH','4305','QLD',49,0),(1071,'IVADALE LAKES','4551','QLD',99,0),(1073,'JABIRU ISLAND','4216','QLD',59,0),(1077,'JACOBS WELL','4208','QLD',43,0),(1079,'JAMBOREE HEIGHTS','4074','QLD',15,0),(1081,'JANDOWAE','4410','QLD',35,0),(1085,'JERICHO','4728','QLD',27,0),(1087,'JIGGI','2480','NSW',55,0),(1089,'JIMBOOMBA','4280','QLD',59,0),(1091,'JIMBOUR','4406','QLD',35,0),(1093,'JIMNA','4515','QLD',93,0),(1095,'JIMBOOMBA','4280','QLD',59,0),(1097,'JINDALEE','4074','QLD',15,0),(1099,'JONDARYAN','4403','QLD',103,0),(1101,'JOYNER','4500','QLD',67,0),(1103,'KAIMKILLENBUN','4406','QLD',35,0),(1107,'KALINGA','4030','QLD',15,0),(1109,'KALLANGUR','4503','QLD',67,0),(1111,'KAIMKILLENBUN','4406','QLD',35,0),(1113,'KANDANGA','4570','QLD',47,0),(1115,'KANGAROO PARK','4216','QLD',59,0),(1117,'KANGAROO POINT','4169','QLD',15,0),(1123,'KARANA DOWNS','4306','QLD',15,0),(1125,'KARARA','4352','QLD',99,0),(1127,'KARAWATHA','4117','QLD',15,0),(1129,'KAWANA','4701','QLD',99,0),(1135,'KAWANA WATERS','4575','QLD',99,0),(1137,'KEDRON','4031','QLD',15,0),(1141,'KEERRONG','2480','NSW',55,0),(1143,'KALLANGUR','4503','QLD',67,0),(1145,'KELVIN GROVE','4059','QLD',15,0),(1147,'KENILWORTH','4574','QLD',99,0),(1149,'KENMORE','4069','QLD',15,0),(1151,'KENMORE HILLS','4069','QLD',15,0),(1157,'KEPERRA','4054','QLD',15,0),(1159,'KERRY','4285','QLD',91,0),(1161,'KHOLO','4306','QLD',15,0),(1163,'KIAMBA','4560','QLD',99,0),(1167,'KIELS MOUNTAIN','4559','QLD',99,0),(1173,'KILCOY','4515','QLD',93,0),(1175,'KILKIVAN','4600','QLD',47,0),(1177,'KIMBERLEY PARK','4128','QLD',59,0),(1179,'KIN KIN','4571','QLD',99,0),(1181,'KING SCRUB','4521','QLD',67,0),(1183,'KINGAROY','4610','QLD',95,0),(1185,'KINGS BEACH','4551','QLD',99,0),(1187,'KINGSCLIFF','2487','NSW',75,0),(1189,'KINGSHOLME','4208','QLD',43,0),(1191,'KINGSTHORPE','4400','QLD',103,0),(1193,'KINGSTON','4114','QLD',59,0),(1197,'KIPPA-RING','4021','QLD',67,0),(1199,'KUREELPA','4560','QLD',99,0),(1201,'KIDAMAN CREEK','4574','QLD',99,0),(1203,'KLEINTON','4352','QLD',103,0),(1205,'KNOCKROW','2479','NSW',75,0),(1207,'KOBBLE CREEK','4520','QLD',67,0),(1209,'KOGAN','4406','QLD',29,0),(1211,'KONDALILLA','4560','QLD',99,0),(1215,'KOORALBYN','4285','QLD',91,0),(1217,'KULANGOOR','4560','QLD',99,0),(1219,'KULUIN','4558','QLD',99,0),(1223,'KUMBIA','4610','QLD',95,0),(1225,'KUNDA PARK','4556','QLD',99,0),(1227,'KUNGHUR','2484','NSW',75,0),(1229,'KURABY','4112','QLD',15,0),(1231,'KUREELPA','4560','QLD',99,0),(1233,'KURILPA','4101','QLD',15,0),(1235,'KURWONGBAH','4503','QLD',67,0),(1237,'KYBONG','4570','QLD',47,0),(1239,'KYOGLE','2474','NSW',75,0),(1241,'LABRADOR','4215','QLD',43,0),(1243,'LAIDLEY','4341','QLD',57,0),(1245,'LAKE BORUMBA','4570','QLD',99,0),(1247,'LAKE COOROIBAH','4565','QLD',99,0),(1249,'LAKE MACDONALD','4563','QLD',99,0),(1251,'LAKE MANCHESTER','4306','QLD',15,0),(1253,'LAMB ISLAND','4184','QLD',81,0),(1255,'LAMINGTON','4285','QLD',91,0),(1257,'LAMINGTON NATIONAL PARK','4275','QLD',91,0),(1261,'LANDERS SHOOT','4555','QLD',99,0),(1263,'LANDSBOROUGH','4550','QLD',99,0),(1265,'LANEFIELD','4340','QLD',91,0),(1267,'LARAVALE','4285','QLD',59,0),(1269,'LAWNTON','4501','QLD',67,0),(1271,'LEYBURN','4365','QLD',99,0),(1273,'LIGHTNING RIDGE','2834','NSW',75,0),(1275,'LINDENDALE','2480','NSW',55,0),(1277,'LINDUM','4178','QLD',15,0),(1281,'LINVILLE','4306','QLD',93,0),(1283,'LISMORE','3324','VIC',55,0),(1285,'LISMORE HEIGHTS','2480','NSW',75,0),(1287,'LITTLE MOUNTAIN','4551','QLD',99,0),(1293,'LOCKYER','4344','QLD',57,0),(1295,'LOCKYER VALLEY','','QLD',93,0),(1297,'LOCKYER WATERS','4311','QLD',57,0),(1299,'LOGAN','3475','VIC',59,0),(1301,'LOGAN CENTRAL','4114','QLD',59,0),(1303,'LOGAN CITY','4414','QLD',59,0),(1305,'LOGAN VILLAGE','4207','QLD',59,0),(1307,'LOGANHOLME','4129','QLD',59,0),(1309,'LOGANLEA','4131','QLD',59,0),(1311,'LONE PINE','4069','QLD',15,0),(1313,'LONGREACH','4730','QLD',61,0),(1315,'LOTA','4179','QLD',15,0),(1317,'LOWER BEECHMONT','4211','QLD',43,0),(1319,'LOWER TENTHILL','4343','QLD',57,0),(1321,'LOWER WONGA','4570','QLD',47,0),(1323,'LOWOOD','4311','QLD',93,0),(1327,'LUSCOMBE','4207','QLD',43,0),(1329,'LUTWYCHE','4030','QLD',15,0),(1331,'LYTTON','4178','QLD',15,0),(1333,'MACGREGOR','4109','QLD',15,0),(1335,'MACKAY','4740','QLD',63,0),(1337,'MACKENZIE','4702','QLD',15,0),(1339,'MACLAGAN','4352','QLD',103,0),(1341,'MACLEAN','2463','NSW',59,0),(1343,'MACLEAY ISLAND','4184','QLD',81,0),(1345,'MAIDENWELL','4615','QLD',95,0),(1347,'MALENY','4552','QLD',99,0),(1349,'MANSFIELD','4122','QLD',15,0),(1351,'MANGO HILL','4509','QLD',67,0),(1353,'MANLY','4179','QLD',15,0),(1355,'MANLY WEST','4179','QLD',15,0),(1357,'MANUMBAR','4601','QLD',93,0),(1359,'MANSFIELD','4122','QLD',15,0),(1361,'MAPLETON','4560','QLD',99,0),(1365,'MARAYONG','2148','NSW',75,0),(1367,'MARCOOLA','4564','QLD',99,0),(1373,'MARCUS BEACH','4573','QLD',99,0),(1375,'MARGATE','4019','QLD',67,0),(1377,'MARGATE BEACH','4019','QLD',67,0),(1383,'MAROM CREEK','2480','NSW',75,0),(1387,'MAROOCHY RIVER','4561','QLD',99,0),(1389,'MAROOCHYDORE','4558','QLD',99,0),(1391,'MAROOCHYDORE BC','4558','QLD',99,0),(1393,'MAROON','4310','QLD',87,0),(1395,'MARSDEN','4132','QLD',15,0),(1397,'MARY RIVER','','QLD',47,0),(1399,'MARYBOROUGH','4650','QLD',39,0),(1401,'MCDOWALL','4053','QLD',15,0),(1407,'MCKEES HILL','2480','NSW',55,0),(1411,'MCKINLAY','4823','QLD',65,0),(1413,'MCLEANS RIDGES','2480','NSW',83,0),(1415,'MEADOWBROOK','4131','QLD',59,0),(1417,'MEANDARRA','4422','QLD',35,0),(1419,'MEERCHAUM VALE','2477','NSW',75,0),(1423,'MELBOURNE','8399','VIC',75,0),(1425,'MELDALE','4510','QLD',67,0),(1427,'MEMERAMBI','4610','QLD',95,0),(1429,'MERIDAN PLAINS','4551','QLD',99,0),(1433,'MERIMIST WAY','4559','QLD',99,0),(1435,'MERINGANDAN','4352','QLD',103,0),(1437,'MERMAID WATERS','4218','QLD',43,0),(1439,'MIAMI','4220','QLD',43,0),(1441,'MITCHELTON','4053','QLD',15,0),(1443,'MIDDLE PARK','4074','QLD',15,0),(1445,'MIDDLEMOUNT','4746','QLD',51,0),(1447,'MILES','4415','QLD',35,0),(1449,'MILTON','4064','QLD',15,0),(1451,'MINDEN','4311','QLD',93,0),(1453,'MINYAMA','4575','QLD',99,0),(1457,'MIRIAM VALE','4677','QLD',41,0),(1459,'MITCHELL','4465','QLD',87,0),(1461,'MITCHELTON','4053','QLD',15,0),(1463,'MODANVILLE','2480','NSW',75,0),(1467,'MOFFAT BEACH','4551','QLD',99,0),(1469,'MOFFATDALE','4605','QLD',95,0),(1473,'MOGGILL','4070','QLD',15,0),(1475,'MON REPOS','4670','QLD',17,0),(1477,'MONDURE','4611','QLD',95,0),(1479,'MONS','4556','QLD',99,0),(1481,'MONTO','4630','QLD',73,0),(1483,'MONTVILLE','4560','QLD',99,0),(1487,'MOODLU','4510','QLD',67,0),(1489,'MOOGERAH','4309','QLD',91,0),(1491,'MOOLOO','4570','QLD',47,0),(1495,'MOOLOOLABA','4557','QLD',99,0),(1499,'MOOLOOLAH','4553','QLD',99,0),(1501,'MOOLOOLAH MEADOWS','4553','QLD',99,0),(1503,'MOOLOOLAH VALLEY','4553','QLD',99,0),(1507,'MOONIE','4406','QLD',35,0),(1511,'MOORE','4306','QLD',93,0),(1513,'MOORE PARK','2021','NSW',17,0),(1515,'MOORINA','4506','QLD',67,0),(1517,'MOOROOKA','4105','QLD',15,0),(1519,'MORANBAH','4744','QLD',51,0),(1521,'MORAYFIELD','4506','QLD',67,0),(1523,'MOREE','2400','NSW',75,0),(1527,'MORETON ISLAND','4025','QLD',67,0),(1529,'MORNINGSIDE','4170','QLD',15,0),(1531,'MORVEN','4468','QLD',69,0),(1533,'MOSQUITO ISLAND','4212','QLD',67,0),(1535,'MOTHAR MOUNTAIN','4570','QLD',47,0),(1541,'MOUNT ARCHER','4701','QLD',67,0),(1543,'MOUNT ARCHER (KILCOY)','4514','QLD',93,0),(1545,'MOUNT BARNEY','4287','QLD',11,0),(1547,'MOUNT BERRYMAN','4341','QLD',57,0),(1549,'MOUNT BINGA','4306','QLD',103,0),(1551,'MOUNT COOLUM','4573','QLD',99,0),(1553,'MOUNT COO-THA','4066','QLD',15,0),(1555,'MOUNT COTTON','4165','QLD',81,0),(1557,'MOUNT CROSBY','4306','QLD',15,0),(1559,'MOUNT DELANEY','4514','QLD',67,0),(1561,'MOUNT FORBES','4340','QLD',91,0),(1563,'MOUNT GLORIOUS','4520','QLD',67,0),(1565,'MOUNT GRAVATT','4122','QLD',15,0),(1569,'MOUNT HALLEN','4312','QLD',93,0),(1571,'MOUNT KILCOY','4515','QLD',93,0),(1573,'MOUNT LARCOM','4695','QLD',41,0),(1575,'MOUNT LOFTY','4350','QLD',103,0),(1577,'MOUNT MEE','4521','QLD',67,0),(1579,'MOUNT MELLUM','4550','QLD',99,0),(1581,'MOUNT NATHAN','4211','QLD',43,0),(1583,'MOUNT NEBO','4520','QLD',67,0),(1585,'MOUNT OMMANEY','4074','QLD',15,0),(1587,'MOUNT PERRY','4671','QLD',73,0),(1589,'MOUNT PLEASANT (PINE RIVERS)','4521','QLD',67,0),(1591,'MOUNT SAMSON','4520','QLD',67,0),(1593,'MOUNT SYLVIA','4343','QLD',57,0),(1595,'MOUNT TAMBORINE','4272','QLD',91,0),(1597,'MOUNT TYSON','4356','QLD',103,0),(1599,'MOUNT WALKER','4340','QLD',91,0),(1601,'MOUNT WARREN PARK','4207','QLD',59,0),(1603,'MOUNT WHITESTONE','4347','QLD',57,0),(1607,'MOUNTAIN CREEK','4557','QLD',99,0),(1609,'MOURA','4718','QLD',7,0),(1611,'MOUNT BEERWAH','4518','QLD',99,0),(1625,'MOUNT NGUNGUN','4518','QLD',99,0),(1649,'MOUNT TOP','2480','NSW',55,0),(1653,'MOUNT WARNING','2484','NSW',55,0),(1657,'MOUNT WARREN PARK','4207','QLD',59,0),(1665,'MUCKADILLA','4461','QLD',87,0),(1667,'MUDGEERABA','4213','QLD',43,0),(1671,'MUDJIMBA','4564','QLD',99,0),(1677,'MULLUMBIMBY','2482','NSW',75,0),(1681,'MUNDOOLUN','4285','QLD',59,0),(1683,'MUNDUBBERA','4626','QLD',73,0),(1685,'MUNGAR','4650','QLD',39,0),(1691,'MUNRUBEN','4125','QLD',59,0),(1693,'MURARRIE','4172','QLD',15,0),(1695,'MURGON','4605','QLD',95,0),(1697,'MURARRIE','4172','QLD',15,0),(1699,'MURRUMBA','4312','QLD',67,0),(1701,'MURRUMBA DOWNS','4503','QLD',67,0),(1703,'MURWILLUMBAH','2484','NSW',75,0),(1705,'MYAREE','6154','WA',99,0),(1707,'MYOCUM','2481','NSW',75,0),(1709,'NAMBOUR','4560','QLD',99,0),(1713,'NANANGO','4615','QLD',95,0),(1717,'NANGRAM','4416','QLD',111,0),(1719,'NARANGBA','4504','QLD',67,0),(1721,'NARROGIN','6312','WA',59,0),(1723,'NATURAL BRIDGE','4211','QLD',43,0),(1725,'NEBO','4742','QLD',63,0),(1727,'NERANG','4211','QLD',43,0),(1729,'NEURUM','4514','QLD',67,0),(1731,'NEW BEITH','4124','QLD',59,0),(1733,'NEW FARM','4005','QLD',15,0),(1737,'NEWMARKET','4051','QLD',15,0),(1739,'NEWPORT','4020','QLD',67,0),(1741,'NEWRYBAR','2479','NSW',23,0),(1743,'NEWSTEAD','4006','QLD',15,0),(1745,'NIMBIN','2480','NSW',75,0),(1747,'NINDERRY','4561','QLD',99,0),(1749,'NINDIGULLY','4497','QLD',5,0),(1751,'NINGI','4511','QLD',67,0),(1753,'NOBBY','4360','QLD',103,0),(1757,'NOOSA HEADS','4567','QLD',99,0),(1763,'NOOSAVILLE','4566','QLD',99,0),(1765,'NORMAN PARK','4170','QLD',15,0),(1767,'NORTH ARM','4561','QLD',99,0),(1771,'NORTH LAKES','4509','QLD',67,0),(1773,'NORTH MACLEAN','4280','QLD',59,0),(1775,'NORTH MALENY','4552','QLD',99,0),(1777,'NORTH RICHMOND','2754','NSW',75,0),(1781,'NORTH SHORE','3214','VIC',75,0),(1783,'NORTH STAR','2408','NSW',75,0),(1785,'NORTH STRADBROKE ISLAND','4183','QLD',81,0),(1787,'NORTH TAMBORINE','4272','QLD',91,0),(1789,'NORTH TUMBULGUM','2490','NSW',75,0),(1791,'NORTHGATE','4013','QLD',15,0),(1799,'NUDGEE','4014','QLD',15,0),(1801,'NUDGEE BEACH','4014','QLD',15,0),(1803,'NUMINBAH','2484','NSW',43,0),(1805,'NUMINBAH VALLEY','4211','QLD',43,0),(1807,'NUNDAH','4012','QLD',15,0),(1809,'NUNDERI','2484','NSW',75,0),(1815,'OAKEY','4401','QLD',103,0),(1817,'OAKVIEW','4600','QLD',47,0),(1819,'OBI OBI','4574','QLD',99,0),(1821,'OCEAN VIEW','4521','QLD',67,0),(1825,'ORMEAU','4208','QLD',43,0),(1827,'ORMISTON','4160','QLD',81,0),(1829,'OXENFORD','4210','QLD',43,0),(1833,'OXLEY','4075','QLD',15,0),(1835,'PACIFIC PARADISE','4564','QLD',99,0),(1837,'PACIFIC PINES','4211','QLD',43,0),(1839,'PADDINGTON','4064','QLD',15,0),(1841,'PALEN CREEK','4287','QLD',91,0),(1843,'PALLARA','4110','QLD',15,0),(1845,'PALM BEACH','4221','QLD',43,0),(1847,'PALMVIEW','4553','QLD',99,0),(1849,'PALMWOODS','4555','QLD',99,0),(1851,'PARADISE POINT','4216','QLD',43,0),(1853,'PARK RIDGE','4125','QLD',59,0),(1855,'PARKES','2870','NSW',75,0),(1857,'PARKLANDS','4560','QLD',99,0),(1859,'PARKWOOD','4214','QLD',43,0),(1861,'PARREARRA','4575','QLD',99,0),(1863,'PEACHESTER','4519','QLD',99,0),(1865,'PEAK CROSSING','4306','QLD',91,0),(1869,'PECHEY','4352','QLD',103,0),(1871,'PEEL ISLAND','4184','QLD',81,0),(1873,'PELICAN WATERS','4551','QLD',99,0),(1875,'PEREGIAN BEACH','4573','QLD',99,0),(1879,'PEREGIAN SPRINGS','4573','QLD',99,0),(1883,'PETRIE','4502','QLD',67,0),(1885,'PIALBA','4655','QLD',39,0),(1887,'PICNIC POINT','2213','NSW',99,0),(1889,'PIMPAMA','4209','QLD',43,0),(1891,'PINBARREN','4568','QLD',99,0),(1893,'PINE MOUNTAIN','4306','QLD',91,0),(1897,'PINELANDS','4355','QLD',103,0),(1899,'PINKENBA','4008','QLD',15,0),(1907,'PITTSWORTH','4356','QLD',103,0),(1909,'PLACID HILLS','4343','QLD',57,0),(1911,'PLAINLAND','4341','QLD',57,0),(1913,'POINT ARKWRIGHT','4573','QLD',99,0),(1915,'POINT CARTWRIGHT','4575','QLD',99,0),(1917,'POINT HALLORAN','4165','QLD',81,0),(1919,'POINT LOOKOUT','4183','QLD',81,0),(1921,'POINT VERNON','4655','QLD',39,0),(1923,'POMONA','4568','QLD',99,0),(1927,'PORT OF BRISBANE','4178','QLD',15,0),(1929,'POTTSVILLE','2489','NSW',75,0),(1931,'PRATTEN','4370','QLD',97,0),(1933,'PRIESTDALE','4127','QLD',59,0),(1937,'PROSTON','4613','QLD',95,0),(1939,'PRYDE CREEK','4306','QLD',93,0),(1943,'PULLENVALE','4069','QLD',15,0),(1945,'PURGA','4306','QLD',91,0),(1949,'QUINALOW','4403','QLD',103,0),(1951,'RABY BAY','4163','QLD',81,0),(1953,'RAINBOW BEACH','4581','QLD',47,0),(1955,'RANSOME','4154','QLD',15,0),(1957,'RATHDOWNEY','4287','QLD',91,0),(1961,'RAVENSBOURNE','4352','QLD',103,0),(1963,'RED HILL','4059','QLD',15,0),(1965,'REDBANK PLAINS','4301','QLD',91,0),(1967,'REDCLIFFE','4020','QLD',67,0),(1969,'REDHILL','5521','SA',15,0),(1971,'REDLAND BAY','4165','QLD',81,0),(1973,'REEDY CREEK','4227','QLD',43,0),(1977,'REESVILLE','4552','QLD',99,0),(1979,'REGENCY DOWNS','4341','QLD',57,0),(1981,'REGENTS PARK','4118','QLD',59,0),(1983,'RICHLANDS','4077','QLD',15,0),(1985,'RICHMOND','4822','QLD',83,0),(1987,'RICHMOND HILL','4820','QLD',75,0),(1989,'RIDGEHAVEN','5097','SA',99,0),(1991,'RIDGEWOOD','4563','QLD',99,0),(1993,'RILEYS HILL','2472','NSW',75,0),(1997,'RIPLEY','4306','QLD',91,0),(1999,'RIVERHILLS','4074','QLD',15,0),(2001,'RIVERVIEW','4303','QLD',91,0),(2003,'ROBINA','4226','QLD',43,0),(2005,'ROCHEDALE','4123','QLD',59,0),(2007,'ROCHEDALE SOUTH','4123','QLD',59,0),(2009,'ROCKHAMPTON','4700','QLD',85,0),(2011,'ROCKLEA','4106','QLD',15,0),(2013,'ROCKMOUNT','4344','QLD',57,0),(2015,'ROCKSBERG','4510','QLD',67,0),(2017,'ROMA','4455','QLD',87,0),(2019,'ROSEBANK','2480','NSW',75,0),(2021,'ROSEDALE','4674','QLD',17,0),(2023,'ROSEMOUNT','4560','QLD',99,0),(2025,'ROSEVALE','4340','QLD',91,0),(2027,'ROSEWOOD','4340','QLD',91,0),(2029,'ROSSVILLE','4895','QLD',31,0),(2031,'ROTHWELL','4022','QLD',67,0),(2033,'ROUS','2477','NSW',75,0),(2035,'ROXBERG','4520','QLD',67,0),(2037,'RUNAWAY BAY','4216','QLD',43,0),(2039,'RUNCORN','4113','QLD',15,0),(2041,'RUSH CREEK','4521','QLD',67,0),(2043,'RUSSELL ISLAND','4184','QLD',81,0),(2045,'RUTHVEN','2480','NSW',55,0),(2049,'SAINT HELENA ISLAND','4025','QLD',15,0),(2051,'SALISBURY','4107','QLD',15,0),(2053,'SAMFORD','4520','QLD',67,0),(2055,'SAMFORD VALLEY','4520','QLD',67,0),(2057,'SAMFORD VILLAGE','4520','QLD',67,0),(2059,'SAMSONVALE','4520','QLD',67,0),(2061,'SANCTUARY COVE','4212','QLD',43,0),(2063,'SANDGATE','4017','QLD',15,0),(2065,'SANDSTONE POINT','4511','QLD',67,0),(2067,'SANDY CREEK','4515','QLD',93,0),(2069,'SARINA','4737','QLD',89,0),(2071,'SCARBOROUGH','4020','QLD',67,0),(2073,'SCOTTS HEAD','2447','NSW',75,0),(2075,'SCRUBBY CREEK','4570','QLD',67,0),(2077,'SEAFORTH','4741','QLD',63,0),(2079,'SEELANDS','2460','NSW',55,0),(2081,'SEVEN HILLS','4170','QLD',15,0),(2083,'SEVENTEEN MILE ROCKS','4073','QLD',15,0),(2085,'SEVENTEEN SEVENTY','4677','QLD',41,0),(2087,'SHAILER PARK','4128','QLD',59,0),(2091,'SHELDON','4157','QLD',81,0),(2095,'SHELLY BEACH','4810','QLD',99,0),(2097,'SHERWOOD','4075','QLD',15,0),(2099,'SHORNCLIFFE','4017','QLD',15,0),(2101,'SINNAMON PARK','4073','QLD',15,0),(2103,'SIPPY DOWNS','4556','QLD',99,0),(2105,'SLACKS CREEK','4127','QLD',59,0),(2107,'SOMERSET','7322','TAS',93,0),(2109,'SOMERSET DAM','4312','QLD',93,0),(2111,'SOUTH BANK','4101','QLD',15,0),(2113,'SOUTH BRISBANE','4101','QLD',15,0),(2115,'SOUTH GRAFTON','2460','NSW',75,0),(2117,'SOUTH GUNDURIMBA','2480','NSW',75,0),(2119,'SOUTH LISMORE','2480','NSW',75,0),(2121,'SOUTH TOOWOOMBA','4350','QLD',103,0),(2123,'SOUTHBROOK','4363','QLD',103,0),(2125,'SOUTHPORT','4215','QLD',43,0),(2127,'SOVEREIGN ISLANDS','4216','QLD',59,0),(2129,'SPRING CREEK (GATTON)','4343','QLD',57,0),(2131,'SPRING GROVE','2470','NSW',75,0),(2133,'SPRING HILL','4004','QLD',15,0),(2135,'SPRINGBROOK','4213','QLD',43,0),(2137,'SPRINGFIELD','4871','QLD',91,0),(2139,'SPRINGWOOD','4127','QLD',59,0),(2141,'ST GEORGE','4487','QLD',5,0),(2143,'ST JOHNS WOOD','4060','QLD',15,0),(2145,'ST LAWRENCE','4707','QLD',51,0),(2147,'ST LUCIA','4067','QLD',15,0),(2149,'STAFFORD','4053','QLD',15,0),(2151,'STAFFORD HEIGHTS','4053','QLD',15,0),(2153,'STANMORE','4514','QLD',67,0),(2157,'STANTHORPE','4380','QLD',97,0),(2159,'STAPLETON','0822','NT',59,0),(2161,'STAPYLTON','4207','QLD',43,0),(2163,'STOCKLEIGH','4280','QLD',59,0),(2165,'STONES CORNER','4120','QLD',15,0),(2167,'STONY CREEK','4514','QLD',67,0),(2169,'STRADBROKE ISLAND','','QLD',43,0),(2171,'STRATHPINE','4500','QLD',67,0),(2173,'STUDIO VILLAGE','4210','QLD',43,0),(2175,'SUFFOLK PARK','2481','NSW',75,0),(2177,'SUMNER PARK','4074','QLD',15,0),(2179,'SUNNYBANK','4109','QLD',15,0),(2181,'SUNNYBANK HILLS','4109','QLD',15,0),(2185,'SUNRISE BEACH','4567','QLD',99,0),(2187,'SUNSHINE BEACH','4567','QLD',99,0),(2189,'SUNSHINE COAST','','QLD',99,0),(2193,'SURFERS PARADISE','4217','QLD',43,0),(2195,'SYDNEY','2001','NSW',75,0),(2197,'TAABINGA','4610','QLD',95,0),(2199,'TABULAM','2469','NSW',75,0),(2203,'TAIGUM','4018','QLD',15,0),(2205,'TALLAI','4213','QLD',43,0),(2209,'TALLEBUDGERA','4228','QLD',43,0),(2211,'TALLEBUDGERA VALLEY','4228','QLD',43,0),(2213,'TALWOOD','4496','QLD',45,0),(2215,'TAMBORINE','4270','QLD',59,0),(2219,'TAMBORINE VILLAGE','4270','QLD',91,0),(2223,'TAMROOKUM','4285','QLD',91,0),(2225,'TAMWORTH','2340','NSW',75,0),(2229,'TANAH MERAH','4128','QLD',59,0),(2237,'TANAWHA','4556','QLD',99,0),(2239,'TANDUR','4570','QLD',47,0),(2241,'TANGALOOMA','4025','QLD',15,0),(2243,'TANSEY','4601','QLD',47,0),(2247,'TARA','4421','QLD',35,0),(2249,'TARINGA','4068','QLD',15,0),(2251,'TARONG','4615','QLD',95,0),(2253,'TAROOM','4420','QLD',7,0),(2255,'TARRAGINDI','4121','QLD',15,0),(2257,'TE KOWAI','4740','QLD',63,0),(2259,'TEDDINGTON','4650','QLD',39,0),(2263,'TEEWAH BEACH','4565','QLD',99,0),(2267,'TENERIFFE','4005','QLD',15,0),(2269,'TENNYSON','4105','QLD',15,0),(2271,'TENTERFIELD','2372','NSW',75,0),(2273,'TERANIA CREEK','2480','NSW',75,0),(2275,'TENERIFFE','4005','QLD',15,0),(2277,'TERRANORA','2486','NSW',75,0),(2279,'TEVIOTVILLE','4309','QLD',91,0),(2281,'TEWANTIN','4565','QLD',99,0),(2283,'TEXAS','4385','QLD',45,0),(2285,'THE CHANNON','2480','NSW',75,0),(2287,'THE GAP','4825','QLD',15,0),(2289,'THE GRANGE','4556','QLD',15,0),(2291,'THE GUMS','4406','QLD',35,0),(2295,'THORNESIDE','4158','QLD',81,0),(2297,'THORNLANDS','4164','QLD',81,0),(2301,'TIARO','4650','QLD',39,0),(2303,'TIN CAN BAY','4580','QLD',47,0),(2305,'TINANA','4650','QLD',39,0),(2307,'TINAROO','4872','QLD',101,0),(2309,'TINBEERWAH','4563','QLD',99,0),(2311,'TINGALPA','4173','QLD',81,0),(2313,'TINGOORA','4608','QLD',95,0),(2317,'TOCUMWAL','2714','NSW',75,0),(2319,'TOLGA','4882','QLD',101,0),(2321,'TOMEWIN','2484','NSW',75,0),(2325,'TOOGOOLAWAH','4313','QLD',93,0),(2327,'TOOGOOM','4655','QLD',39,0),(2329,'TOOLARA FOREST','4570','QLD',33,0),(2331,'TOOMBUL','4012','QLD',15,0),(2333,'TOORBUL','4510','QLD',67,0),(2339,'TOOWONG','4066','QLD',15,0),(2341,'TOOWOOMBA','4350','QLD',103,0),(2343,'TOOWOOMBA BC','4350','QLD',103,0),(2345,'TOOWOOMBA CITY','4350','QLD',103,0),(2347,'TORQUAY','4655','QLD',39,0),(2349,'TORWOOD','3821','VIC',15,0),(2351,'TOWEN MOUNTAIN','4560','QLD',99,0),(2353,'TOWNSVILLE','4810','QLD',105,0),(2355,'TRAVESTON','4570','QLD',47,0),(2359,'TREGEAGLE','2480','NSW',75,0),(2361,'TUCHEKOI','4570','QLD',99,0),(2369,'TUCKI TUCKI','2480','NSW',75,0),(2371,'TUCKOMBIL','2477','NSW',55,0),(2373,'TUGUN','4224','QLD',43,0),(2375,'TULLAMORE','2874','NSW',75,0),(2377,'TULLAWONG','4510','QLD',67,0),(2379,'TULLERA','2480','NSW',75,0),(2381,'TUNTABLE CREEK','2480','NSW',55,0),(2383,'TURKEY BEACH','4678','QLD',41,0),(2385,'TWEED HEADS','2485','NSW',75,0),(2387,'TWEED HEADS SOUTH','2486','NSW',75,0),(2389,'TWIN WATERS','4564','QLD',99,0),(2391,'TYAGARAH','2481','NSW',75,0),(2393,'UKI','2484','NSW',75,0),(2395,'UNDERWOOD','4119','QLD',59,0),(2397,'UNKNOWN','',NULL,67,0),(2399,'UPPER BROOKFIELD','4069','QLD',15,0),(2401,'UPPER CABOOLTURE','4510','QLD',67,0),(2403,'UPPER COOMERA','4209','QLD',43,0),(2405,'UPPER KEDRON','4055','QLD',15,0),(2407,'UPPER MOUNT GRAVATT','4122','QLD',15,0),(2409,'UPPER ORMEAU','4208','QLD',59,0),(2411,'UQ LAKES','4072','QLD',15,0),(2413,'URALBA','2477','NSW',75,0),(2415,'URALLA','2358','NSW',55,0),(2417,'URANGAN','4655','QLD',39,0),(2419,'URBENVILLE','2475','NSW',55,0),(2421,'VALDORA','4561','QLD',99,0),(2423,'VARSITY LAKES','4227','QLD',43,0),(2425,'VERRIERDALE','4562','QLD',99,0),(2427,'VETERAN','4570','QLD',47,0),(2431,'VICTORIA POINT','4165','QLD',81,0),(2433,'VILLENEUVE','4514','QLD',67,0),(2437,'VIRGINIA','4014','QLD',15,0),(2439,'WACOL','4076','QLD',15,0),(2441,'WADEVILLE','2474','NSW',75,0),(2445,'WAKERLEY','4154','QLD',15,0),(2449,'WALGETT','2832','NSW',107,0),(2451,'WALLACE CREEK','','QLD',91,0),(2453,'WALLAVILLE','4671','QLD',17,0),(2455,'WAMBERAL','2260','NSW',75,0),(2457,'WAMBO','4405','QLD',35,0),(2461,'WAMURAN','4512','QLD',67,0),(2463,'WANDOAN','4419','QLD',35,0),(2465,'WARANA','4575','QLD',99,0),(2469,'WARDELL','2477','NSW',75,0),(2471,'WARNER','4500','QLD',67,0),(2475,'WARWICK','4370','QLD',97,0),(2477,'WATERFORD','4133','QLD',59,0),(2481,'WATERFORD WEST','4133','QLD',59,0),(2483,'WATTLE CAMP','4615','QLD',93,0),(2487,'WAVELL HEIGHTS','4012','QLD',15,0),(2489,'WEIPA','4874','QLD',109,0),(2491,'WELLINGTON POINT','4160','QLD',81,0),(2493,'WEST END (SOUTH BRISBANE)','4101','QLD',15,0),(2495,'WEST WOOMBYE','4559','QLD',99,0),(2497,'WESTBROOK','4350','QLD',103,0),(2499,'WESTLAKE','4074','QLD',15,0),(2501,'WESTMAR','4422','QLD',111,0),(2505,'WEYBA DOWNS','4562','QLD',99,0),(2507,'WHITE PATCH','4507','QLD',67,0),(2509,'WHITESIDE','4503','QLD',67,0),(2511,'WIDGEE','4570','QLD',47,0),(2513,'WIGHTS MOUNTAIN','4520','QLD',67,0),(2515,'WILLAWONG','4110','QLD',15,0),(2517,'WILLOW VALE','4209','QLD',43,0),(2519,'WILLOWBANK','4306','QLD',91,0),(2521,'WILLUNGA','5172','SA',75,0),(2525,'WILSONS CREEK','2482','NSW',55,0),(2527,'WILSTON','4051','QLD',15,0),(2529,'WINDAROO','4207','QLD',59,0),(2531,'WINDERA','4605','QLD',95,0),(2533,'WINDSOR','4030','QLD',15,0),(2535,'WINTON','4735','QLD',115,0),(2537,'WISHART','4122','QLD',15,0),(2539,'WITHCOTT','4352','QLD',57,0),(2541,'WITHEREN','4275','QLD',91,0),(2545,'WITTA','4552','QLD',99,0),(2547,'WIVENHOE','7320','TAS',93,0),(2549,'WIVENHOE POCKET','4306','QLD',93,0),(2551,'WOLLONGBAR','2477','NSW',75,0),(2553,'WOLVI','4570','QLD',47,0),(2555,'WONDAI','4606','QLD',95,0),(2559,'WONGAWALLAN','4210','QLD',43,0),(2563,'WONGLEPONG','4275','QLD',91,0),(2565,'WOODENBONG','2476','NSW',75,0),(2567,'WOODEND','4305','QLD',91,0),(2569,'WOODFORD','4514','QLD',67,0),(2571,'WOODGATE','4660','QLD',17,0),(2577,'WOODRIDGE','4114','QLD',59,0),(2579,'WOODY POINT','4019','QLD',67,0),(2585,'WOOLLOONGABBA','4102','QLD',15,0),(2587,'WOOLMER','4352','QLD',103,0),(2591,'WOOLOOGA','4570','QLD',47,0),(2593,'WOOLOOWIN','4030','QLD',15,0),(2595,'WOOMBYE','4559','QLD',99,0),(2597,'WOOMERA','5720','SA',75,0),(2599,'WOORIM','4507','QLD',67,0),(2603,'WOOROOLIN','4608','QLD',95,0),(2605,'WOOTHA','4552','QLD',99,0),(2607,'WORONGARY','4213','QLD',43,0),(2611,'WURTULLA','4575','QLD',99,0),(2617,'WYNNUM','4178','QLD',15,0),(2619,'WYNNUM NORTH','4178','QLD',15,0),(2621,'WYNNUM WEST','4178','QLD',15,0),(2625,'WYRALLAH','2480','NSW',75,0),(2627,'WYREEMA','4352','QLD',103,0),(2629,'YAMANTO','4305','QLD',91,0),(2631,'YAMBA','5340','SA',75,0),(2633,'YANDINA','4561','QLD',99,0),(2635,'YANDINA CREEK','4561','QLD',99,0),(2637,'YAROOMBA','4573','QLD',99,0),(2639,'YARRAMAN','4614','QLD',103,0),(2643,'YARWUN','4694','QLD',41,0),(2645,'YATALA','4207','QLD',43,0),(2647,'YELARBON','4388','QLD',103,0),(2649,'YEPPOON','4703','QLD',85,0),(2651,'YUGAR','4520','QLD',67,0),(2653,'ZILLMERE','4034','QLD',15,0),(2655,'NEWTOWN','4350','QLD',15,0),(2657,'CAMOOWEAL','4828','QLD',117,0),(2659,'WHIAN WHIAN','2480','NSW',75,0),(2661,'QUOIN ISLAND','4680','QLD',41,0),(2663,'TARAMPA','4311','QLD',57,0),(2665,'INNISPLAIN','4285','QLD',91,0),(2667,'WEENGALLON','4497','QLD',5,0),(2669,'CEDAR GROVE','4285','QLD',93,0),(2671,'ALBERTON','4207','QLD',43,0),(2673,'DURONG SOUTH','4610','QLD',95,0),(2675,'KIDAMAN CREEK','4574','QLD',99,0),(2677,'TALLEGALLA','4340','QLD',49,0),(2679,'GLENDORF','4650','QLD',39,0),(2681,'LACEYS CREEK','4521','QLD',67,0),(2683,'YIMBUN','4313','QLD',93,0),(2685,'MONALTRIE','2480','NSW',75,0),(2687,'BRYDEN','4312','QLD',93,0),(2689,'MAAROOM','4650','QLD',39,0),(2691,'TANDORA','4650','QLD',39,0),(2693,'ZEEHAN','7469','TAS',75,0),(2695,'GOODGER','4610','QLD',95,0),(2697,'DUNDAS','4306','QLD',93,0),(2699,'BYEE','4605','QLD',95,0),(2701,'YERONGA','4104','QLD',15,0),(2703,'YANGAN','4371','QLD',97,0),(2705,'THEODORE','4719','QLD',7,0),(2707,'HIVESVILLE','4612','QLD',95,0),(2709,'AUGUSTINE HEIGHTS','4300','QLD',49,0),(2711,'YEERONGPILLY','4105','QLD',15,0),(2713,'RINGTAIL CREEK','4565','QLD',99,0),(2715,'CLARENCE VALLEY','2014','NSW',75,0),(2717,'EUNGELLA','2484','NSW',75,0),(2719,'MURPHYS CREEK','4352','QLD',57,0),(2721,'THAGOONA','4306','QLD',49,0),(2723,'GREENMOUNT','4751','QLD',63,0),(2725,'BIARRA','4313','QLD',93,0),(2727,'CHURCHILL','4305','QLD',49,0),(2729,'MANYUNG','4605','QLD',47,0),(2731,'PRESTON','4800','QLD',113,0),(2733,'BOORAL','4655','QLD',39,0),(2735,'MOODOONER','4605','QLD',47,0),(2737,'INJUNE','4454','QLD',87,0),(2739,'MARLBOROUGH','4705','QLD',85,0),(2741,'PORT LINCOLN','5606','SA',75,0),(2745,'CLUNES','2480','NSW',75,0),(2747,'LAKE CLARENDON','4343','QLD',57,0),(2749,'YALANGUR','4352','QLD',103,0),(2751,'CINNABAR','4600','QLD',47,0),(2753,'OWANYILLA','4650','QLD',39,0),(2755,'PORT NOARLUNGA','5167','SA',75,0),(2757,'NELLIGEN','2356','NSW',75,0),(2759,'NATHAN','4111','QLD',15,0),(2761,'STEIGHITZ','4207','QLD',81,0),(2762,'WOLEEBEE','4426','QLD',87,0),(2764,'PILTON','4361','QLD',103,0),(2766,'GREGORS CREEK','4313','QLD',93,0),(2768,'MARSHLANDS','4611','QLD',95,0),(2770,'AIRLIE BEACH','4802','QLD',113,0),(2772,'JUBILEE POCKET','4802','QLD',113,0),(2774,'BYRRILL CREEK','2484','NSW',75,0),(2776,'PROSERPINE','4800','QLD',113,0),(2778,'COVERTY','4613','QLD',95,0),(2780,'BROOKLANDS','4615','QLD',95,0),(2782,'KENSINGTON GROVE','4341','QLD',57,0),(2784,'BUNYA MOUNTAINS','4405','QLD',111,0),(2786,'CLONCURRY','4824','QLD',117,0),(2788,'BUCCARUMBI','2460','NSW',75,0),(2790,'SWAN BAY','2471','NSW',3,0),(2792,'ALGESTER','4115','QLD',15,0),(2794,'BUNDAMBA','4304','QLD',49,0),(2796,'POONA','4650','QLD',17,0),(2798,'COOLANGATTA','4225','QLD',43,0),(2800,'BLACKSTONE','4304','QLD',49,0),(2802,'CHIFLEY','2606','ACT',75,0),(2804,'KALBAR','4309','QLD',91,0),(2806,'INNAMINCKA','5731','SA',75,0),(2808,'BOOREEN POINT','4565','QLD',99,0),(2810,'ROLLESTON','4702','QLD',27,0),(2812,'MILLMERRAN','4357','QLD',103,0),(2814,'COBURG','3058','VIC',75,0),(2816,'HANNAFORD','4406','QLD',29,0),(2818,'ACACIA RIDGE','4110','QLD',15,0),(2820,'HILLVIEW','4285','QLD',91,0),(2822,'GLENHAVEN','2156','NSW',75,0),(2824,'IRVINGDALE','4404','QLD',35,0),(2826,'KELVINHAUGH','4401','QLD',103,0),(2828,'SAINT LAWRENCE','4707','QLD',51,0),(2830,'MAUDSLAND','4210','QLD',43,0),(2832,'PARKINSON','4115','QLD',15,0),(2834,'BIGGERA WATERS','4216','QLD',43,0),(2836,'PINJARRA HILLS','4069','QLD',15,0),(2838,'VERESDALE SCRUB','4285','QLD',91,0),(2840,'HAIGSLEA','4306','QLD',93,0),(2842,'STONEY CREEK','4514','QLD',67,0),(2844,'WOOLMAR','4515','QLD',93,0),(2846,'WARRAZAMBIL CREEK','2474','NSW',75,0),(2848,'WOONDUM','4570','QLD',47,0),(2850,'LOWER MOUNT WALKER','4340','QLD',91,0),(2852,'TAKURA','4655','QLD',39,0);
/*!40000 ALTER TABLE `azwh_suburbs` ENABLE KEYS */;
UNLOCK TABLES;

--
-- Table structure for table `azwh_taxon`
--

DROP TABLE IF EXISTS `azwh_taxon`;
/*!40101 SET @saved_cs_client     = @@character_set_client */;
 SET character_set_client = utf8mb4 ;
CREATE TABLE `azwh_taxon` (
  `id` int(10) NOT NULL AUTO_INCREMENT,
  `name` varchar(100) DEFAULT '0',
  PRIMARY KEY (`id`)
) ENGINE=InnoDB AUTO_INCREMENT=58 DEFAULT CHARSET=utf8mb4 COLLATE=utf8mb4_0900_ai_ci;
/*!40101 SET character_set_client = @saved_cs_client */;

--
-- Dumping data for table `azwh_taxon`
--

LOCK TABLES `azwh_taxon` WRITE;
/*!40000 ALTER TABLE `azwh_taxon` DISABLE KEYS */;
INSERT INTO `azwh_taxon` VALUES (1,'Amphibian - Feral/Exotic'),(3,'Amphibian - Native Frog'),(5,'Avian - Domestic/Feral/Exotic'),(7,'Avian - Other'),(9,'Avian - Raptor'),(11,'Avian - Seabird/Pelican'),(13,'Avian - Waterbird'),(15,'Canid'),(17,'Eutherian - Bat - Flying Fox'),(19,'Eutherian - Bat - Microbat'),(21,'Eutherian - Domestic/ Feral'),(23,'Eutherian - Marine mammal'),(25,'Eutherian - Rodent'),(27,'Fish'),(29,'Marsupial - Bandicoot'),(31,'Marsupial - Dasyurid'),(33,'Marsupial - Koala'),(35,'Marsupial - Macropod'),(37,'Marsupial - Possum/Glider'),(39,'Marsupial - Wombat'),(41,'Monotreme'),(43,'Reptile - Crocodile'),(45,'Reptile - Feral'),(47,'Reptile - Lizard'),(49,'Reptile - Snake - Marine'),(51,'Reptile - Snake - Terrestrial'),(53,'Reptile - Turtle - Freshwater'),(55,'Reptile - Turtle - Freshwater-Exotic'),(57,'Reptile - Turtle - Marine');
/*!40000 ALTER TABLE `azwh_taxon` ENABLE KEYS */;
UNLOCK TABLES;

--
-- Table structure for table `azwh_triagenotes`
--

DROP TABLE IF EXISTS `azwh_triagenotes`;
/*!40101 SET @saved_cs_client     = @@character_set_client */;
 SET character_set_client = utf8mb4 ;
CREATE TABLE `azwh_triagenotes` (
  `id` int(11) NOT NULL AUTO_INCREMENT,
  `accession_id` int(11) DEFAULT NULL,
  `triage_notes` text,
  `triage_nurse_id` int(11) DEFAULT NULL,
  `create_ts` datetime DEFAULT NULL,
  PRIMARY KEY (`id`),
  KEY `accession_id` (`accession_id`),
  CONSTRAINT `azwh_triagenotes_ibfk_1` FOREIGN KEY (`accession_id`) REFERENCES `azwh_accessions` (`id`)
) ENGINE=InnoDB AUTO_INCREMENT=148755 DEFAULT CHARSET=utf8mb4 COLLATE=utf8mb4_0900_ai_ci;
/*!40101 SET character_set_client = @saved_cs_client */;

--
-- Dumping data for table `azwh_triagenotes`
--

LOCK TABLES `azwh_triagenotes` WRITE;
/*!40000 ALTER TABLE `azwh_triagenotes` DISABLE KEYS */;
INSERT INTO `azwh_triagenotes` VALUES (147836,147836,NULL,166,NULL),(148002,148002,NULL,150,NULL),(148010,148010,NULL,150,NULL),(148058,148058,NULL,130,NULL),(148060,148060,NULL,118,NULL),(148064,148064,NULL,118,NULL),(148086,148086,NULL,108,NULL),(148116,148116,NULL,118,NULL),(148124,148124,NULL,136,NULL),(148148,148148,NULL,118,NULL),(148178,148178,NULL,136,NULL),(148184,148184,NULL,108,NULL),(148204,148204,NULL,136,NULL),(148212,148212,NULL,118,NULL),(148226,148226,NULL,156,NULL),(148238,148238,NULL,136,NULL),(148240,148240,NULL,118,NULL),(148264,148264,NULL,136,NULL),(148266,148266,NULL,136,NULL),(148268,148268,NULL,136,NULL),(148272,148272,NULL,164,NULL),(148302,148302,NULL,118,NULL),(148316,148316,NULL,118,NULL),(148338,148338,NULL,118,NULL),(148350,148350,NULL,130,NULL),(148386,148386,NULL,118,NULL),(148400,148400,NULL,122,NULL),(148410,148410,NULL,164,NULL),(148450,148450,NULL,136,NULL),(148454,148454,NULL,136,NULL),(148472,148472,NULL,148,NULL),(148506,148506,NULL,148,NULL),(148530,148530,NULL,148,NULL),(148544,148544,NULL,108,NULL),(148560,148560,NULL,148,NULL),(148562,148562,NULL,136,NULL),(148572,148572,NULL,108,NULL),(148588,148588,NULL,148,NULL),(148590,148590,NULL,150,NULL),(148612,148612,NULL,134,NULL),(148746,148746,NULL,118,NULL),(148754,148754,NULL,118,NULL);
/*!40000 ALTER TABLE `azwh_triagenotes` ENABLE KEYS */;
UNLOCK TABLES;

--
-- Table structure for table `azwh_vetnotes`
--

DROP TABLE IF EXISTS `azwh_vetnotes`;
/*!40101 SET @saved_cs_client     = @@character_set_client */;
 SET character_set_client = utf8mb4 ;
CREATE TABLE `azwh_vetnotes` (
  `id` int(11) NOT NULL AUTO_INCREMENT,
  `accession_id` int(11) DEFAULT NULL,
  `vet_notes` text,
  `vet_id` int(11) DEFAULT NULL,
  `create_ts` datetime DEFAULT NULL,
  PRIMARY KEY (`id`),
  KEY `accession_id` (`accession_id`),
  CONSTRAINT `azwh_vetnotes_ibfk_1` FOREIGN KEY (`accession_id`) REFERENCES `azwh_accessions` (`id`)
) ENGINE=InnoDB AUTO_INCREMENT=148761 DEFAULT CHARSET=utf8mb4 COLLATE=utf8mb4_0900_ai_ci;
/*!40101 SET character_set_client = @saved_cs_client */;

--
-- Dumping data for table `azwh_vetnotes`
--

LOCK TABLES `azwh_vetnotes` WRITE;
/*!40000 ALTER TABLE `azwh_vetnotes` DISABLE KEYS */;
INSERT INTO `azwh_vetnotes` VALUES (93233,93233,NULL,13,NULL),(147804,147804,NULL,138,NULL),(147806,147806,NULL,138,NULL),(147812,147812,NULL,138,NULL),(147814,147814,NULL,138,NULL),(147816,147816,NULL,138,NULL),(147818,147818,NULL,138,NULL),(147820,147820,NULL,138,NULL),(147822,147822,NULL,138,NULL),(147824,147824,NULL,138,NULL),(147826,147826,NULL,138,NULL),(147828,147828,NULL,138,NULL),(147830,147830,NULL,138,NULL),(147832,147832,NULL,138,NULL),(147834,147834,NULL,138,NULL),(147838,147838,NULL,138,NULL),(147840,147840,NULL,138,NULL),(147842,147842,NULL,90,NULL),(147844,147844,NULL,90,NULL),(147846,147846,NULL,90,NULL),(147850,147850,NULL,90,NULL),(147852,147852,NULL,90,NULL),(147854,147854,NULL,138,NULL),(147858,147858,NULL,90,NULL),(147862,147862,NULL,90,NULL),(147866,147866,NULL,90,NULL),(147868,147868,NULL,90,NULL),(147874,147874,NULL,86,NULL),(147876,147876,NULL,90,NULL),(147878,147878,NULL,86,NULL),(147882,147882,NULL,90,NULL),(147884,147884,NULL,90,NULL),(147886,147886,NULL,90,NULL),(147890,147890,NULL,90,NULL),(147892,147892,NULL,90,NULL),(147896,147896,NULL,90,NULL),(147898,147898,NULL,90,NULL),(147902,147902,NULL,90,NULL),(147904,147904,NULL,90,NULL),(147906,147906,NULL,86,NULL),(147908,147908,NULL,138,NULL),(147912,147912,NULL,138,NULL),(147914,147914,NULL,138,NULL),(147918,147918,NULL,90,NULL),(147920,147920,NULL,90,NULL),(147922,147922,NULL,90,NULL),(147924,147924,NULL,90,NULL),(147926,147926,NULL,90,NULL),(147928,147928,NULL,98,NULL),(147930,147930,NULL,98,NULL),(147932,147932,NULL,98,NULL),(147934,147934,NULL,98,NULL),(147938,147938,NULL,84,NULL),(147940,147940,NULL,138,NULL),(147942,147942,NULL,138,NULL),(147946,147946,NULL,98,NULL),(147950,147950,NULL,98,NULL),(147952,147952,NULL,138,NULL),(147954,147954,NULL,98,NULL),(147964,147964,NULL,138,NULL),(147966,147966,NULL,138,NULL),(147968,147968,NULL,98,NULL),(147970,147970,NULL,138,NULL),(147972,147972,NULL,98,NULL),(147976,147976,NULL,86,NULL),(147980,147980,NULL,86,NULL),(147982,147982,NULL,98,NULL),(147984,147984,NULL,98,NULL),(147986,147986,NULL,98,NULL),(147990,147990,NULL,90,NULL),(147992,147992,NULL,98,NULL),(147996,147996,NULL,86,NULL),(147998,147998,NULL,86,NULL),(148000,148000,NULL,98,NULL),(148002,148002,NULL,3,NULL),(148004,148004,NULL,86,NULL),(148006,148006,NULL,86,NULL),(148008,148008,NULL,138,NULL),(148012,148012,NULL,86,NULL),(148016,148016,NULL,86,NULL),(148018,148018,NULL,90,NULL),(148020,148020,NULL,86,NULL),(148022,148022,NULL,90,NULL),(148030,148030,NULL,3,NULL),(148036,148036,NULL,90,NULL),(148040,148040,NULL,90,NULL),(148044,148044,NULL,3,NULL),(148048,148048,NULL,90,NULL),(148052,148052,NULL,90,NULL),(148056,148056,NULL,90,NULL),(148060,148060,NULL,3,NULL),(148062,148062,NULL,90,NULL),(148066,148066,NULL,3,NULL),(148074,148074,NULL,90,NULL),(148076,148076,NULL,90,NULL),(148080,148080,NULL,90,NULL),(148082,148082,NULL,90,NULL),(148084,148084,NULL,90,NULL),(148088,148088,NULL,90,NULL),(148090,148090,NULL,90,NULL),(148092,148092,NULL,90,NULL),(148096,148096,NULL,98,NULL),(148100,148100,NULL,90,NULL),(148106,148106,NULL,138,NULL),(148108,148108,NULL,138,NULL),(148110,148110,NULL,90,NULL),(148112,148112,NULL,90,NULL),(148114,148114,NULL,3,NULL),(148118,148118,NULL,82,NULL),(148124,148124,NULL,138,NULL),(148130,148130,NULL,98,NULL),(148136,148136,NULL,138,NULL),(148140,148140,NULL,138,NULL),(148142,148142,NULL,86,NULL),(148144,148144,NULL,138,NULL),(148146,148146,NULL,90,NULL),(148150,148150,NULL,90,NULL),(148152,148152,NULL,90,NULL),(148154,148154,NULL,90,NULL),(148156,148156,NULL,90,NULL),(148158,148158,NULL,90,NULL),(148160,148160,NULL,84,NULL),(148162,148162,NULL,90,NULL),(148164,148164,NULL,90,NULL),(148166,148166,NULL,90,NULL),(148168,148168,NULL,90,NULL),(148170,148170,NULL,90,NULL),(148172,148172,NULL,90,NULL),(148174,148174,NULL,90,NULL),(148176,148176,NULL,90,NULL),(148182,148182,NULL,90,NULL),(148188,148188,NULL,138,NULL),(148190,148190,NULL,82,NULL),(148192,148192,NULL,138,NULL),(148198,148198,NULL,138,NULL),(148202,148202,NULL,138,NULL),(148206,148206,NULL,90,NULL),(148208,148208,NULL,90,NULL),(148210,148210,NULL,138,NULL),(148212,148212,NULL,90,NULL),(148214,148214,NULL,138,NULL),(148216,148216,NULL,90,NULL),(148218,148218,NULL,90,NULL),(148220,148220,NULL,90,NULL),(148228,148228,NULL,138,NULL),(148230,148230,NULL,138,NULL),(148232,148232,NULL,86,NULL),(148234,148234,NULL,138,NULL),(148236,148236,NULL,90,NULL),(148238,148238,NULL,138,NULL),(148242,148242,NULL,138,NULL),(148244,148244,NULL,138,NULL),(148246,148246,NULL,3,NULL),(148248,148248,NULL,90,NULL),(148254,148254,NULL,138,NULL),(148260,148260,NULL,138,NULL),(148280,148280,NULL,86,NULL),(148284,148284,NULL,138,NULL),(148286,148286,NULL,86,NULL),(148288,148288,NULL,86,NULL),(148290,148290,NULL,86,NULL),(148294,148294,NULL,90,NULL),(148296,148296,NULL,90,NULL),(148298,148298,NULL,86,NULL),(148304,148304,NULL,86,NULL),(148306,148306,NULL,86,NULL),(148308,148308,NULL,138,NULL),(148310,148310,NULL,138,NULL),(148312,148312,NULL,86,NULL),(148314,148314,NULL,138,NULL),(148320,148320,NULL,138,NULL),(148322,148322,NULL,138,NULL),(148326,148326,NULL,138,NULL),(148328,148328,NULL,138,NULL),(148330,148330,NULL,86,NULL),(148332,148332,NULL,138,NULL),(148334,148334,NULL,86,NULL),(148336,148336,NULL,138,NULL),(148340,148340,NULL,86,NULL),(148342,148342,NULL,86,NULL),(148344,148344,NULL,86,NULL),(148346,148346,NULL,90,NULL),(148348,148348,NULL,86,NULL),(148352,148352,NULL,84,NULL),(148354,148354,NULL,138,NULL),(148356,148356,NULL,9,NULL),(148358,148358,NULL,138,NULL),(148360,148360,NULL,90,NULL),(148362,148362,NULL,90,NULL),(148364,148364,NULL,90,NULL),(148366,148366,NULL,90,NULL),(148368,148368,NULL,90,NULL),(148370,148370,NULL,82,NULL),(148372,148372,NULL,138,NULL),(148374,148374,NULL,90,NULL),(148376,148376,NULL,90,NULL),(148378,148378,NULL,90,NULL),(148380,148380,NULL,90,NULL),(148382,148382,NULL,90,NULL),(148386,148386,NULL,138,NULL),(148388,148388,NULL,138,NULL),(148390,148390,NULL,84,NULL),(148396,148396,NULL,138,NULL),(148398,148398,NULL,90,NULL),(148402,148402,NULL,90,NULL),(148404,148404,NULL,90,NULL),(148406,148406,NULL,90,NULL),(148408,148408,NULL,90,NULL),(148410,148410,NULL,90,NULL),(148414,148414,NULL,84,NULL),(148416,148416,NULL,90,NULL),(148420,148420,NULL,90,NULL),(148422,148422,NULL,90,NULL),(148424,148424,NULL,84,NULL),(148426,148426,NULL,90,NULL),(148428,148428,NULL,90,NULL),(148430,148430,NULL,90,NULL),(148432,148432,NULL,90,NULL),(148434,148434,NULL,90,NULL),(148436,148436,NULL,90,NULL),(148438,148438,NULL,90,NULL),(148440,148440,NULL,138,NULL),(148442,148442,NULL,90,NULL),(148444,148444,NULL,138,NULL),(148446,148446,NULL,90,NULL),(148448,148448,NULL,138,NULL),(148458,148458,NULL,9,NULL),(148462,148462,NULL,90,NULL),(148464,148464,NULL,90,NULL),(148466,148466,NULL,90,NULL),(148468,148468,NULL,90,NULL),(148470,148470,NULL,84,NULL),(148472,148472,NULL,90,NULL),(148474,148474,NULL,9,NULL),(148476,148476,NULL,90,NULL),(148478,148478,NULL,138,NULL),(148480,148480,NULL,90,NULL),(148482,148482,NULL,90,NULL),(148484,148484,NULL,90,NULL),(148486,148486,NULL,90,NULL),(148488,148488,NULL,90,NULL),(148490,148490,NULL,9,NULL),(148496,148496,NULL,90,NULL),(148502,148502,NULL,9,NULL),(148506,148506,NULL,90,NULL),(148508,148508,NULL,9,NULL),(148510,148510,NULL,90,NULL),(148512,148512,NULL,9,NULL),(148514,148514,NULL,9,NULL),(148516,148516,NULL,9,NULL),(148518,148518,NULL,90,NULL),(148520,148520,NULL,9,NULL),(148522,148522,NULL,9,NULL),(148524,148524,NULL,90,NULL),(148526,148526,NULL,138,NULL),(148528,148528,NULL,90,NULL),(148530,148530,NULL,90,NULL),(148542,148542,NULL,9,NULL),(148546,148546,NULL,138,NULL),(148548,148548,NULL,86,NULL),(148550,148550,NULL,86,NULL),(148552,148552,NULL,138,NULL),(148556,148556,NULL,138,NULL),(148558,148558,NULL,9,NULL),(148560,148560,NULL,138,NULL),(148562,148562,NULL,9,NULL),(148564,148564,NULL,90,NULL),(148566,148566,NULL,138,NULL),(148568,148568,NULL,138,NULL),(148570,148570,NULL,90,NULL),(148572,148572,NULL,9,NULL),(148574,148574,NULL,90,NULL),(148576,148576,NULL,90,NULL),(148578,148578,NULL,90,NULL),(148580,148580,NULL,90,NULL),(148582,148582,NULL,90,NULL),(148584,148584,NULL,9,NULL),(148586,148586,NULL,138,NULL),(148592,148592,NULL,86,NULL),(148594,148594,NULL,86,NULL),(148596,148596,NULL,86,NULL),(148598,148598,NULL,86,NULL),(148600,148600,NULL,86,NULL),(148602,148602,NULL,86,NULL),(148604,148604,NULL,86,NULL),(148606,148606,NULL,138,NULL),(148614,148614,NULL,138,NULL),(148616,148616,NULL,84,NULL),(148620,148620,NULL,138,NULL),(148622,148622,NULL,138,NULL),(148624,148624,NULL,138,NULL),(148626,148626,NULL,138,NULL),(148630,148630,NULL,86,NULL),(148632,148632,NULL,86,NULL),(148634,148634,NULL,86,NULL),(148642,148642,NULL,86,NULL),(148644,148644,NULL,138,NULL),(148646,148646,NULL,138,NULL),(148648,148648,NULL,138,NULL),(148650,148650,NULL,138,NULL),(148652,148652,NULL,138,NULL),(148654,148654,NULL,138,NULL),(148656,148656,NULL,138,NULL),(148658,148658,NULL,90,NULL),(148662,148662,NULL,86,NULL),(148664,148664,NULL,86,NULL),(148666,148666,NULL,86,NULL),(148668,148668,NULL,142,NULL),(148670,148670,NULL,86,NULL),(148672,148672,NULL,86,NULL),(148674,148674,NULL,86,NULL),(148676,148676,NULL,86,NULL),(148678,148678,NULL,90,NULL),(148686,148686,NULL,138,NULL),(148690,148690,NULL,90,NULL),(148698,148698,NULL,90,NULL),(148702,148702,NULL,138,NULL),(148704,148704,NULL,138,NULL),(148706,148706,NULL,90,NULL),(148708,148708,NULL,90,NULL),(148710,148710,NULL,90,NULL),(148712,148712,NULL,90,NULL),(148714,148714,NULL,90,NULL),(148718,148718,NULL,138,NULL),(148720,148720,NULL,142,NULL),(148722,148722,NULL,82,NULL),(148726,148726,NULL,90,NULL),(148728,148728,NULL,90,NULL),(148734,148734,NULL,90,NULL),(148736,148736,NULL,90,NULL),(148738,148738,NULL,90,NULL),(148740,148740,NULL,90,NULL),(148742,148742,NULL,90,NULL),(148750,148750,NULL,90,NULL),(148752,148752,NULL,90,NULL),(148758,148758,NULL,90,NULL),(148760,148760,NULL,90,NULL);
/*!40000 ALTER TABLE `azwh_vetnotes` ENABLE KEYS */;
UNLOCK TABLES;
/*!40103 SET TIME_ZONE=@OLD_TIME_ZONE */;

/*!40101 SET SQL_MODE=@OLD_SQL_MODE */;
/*!40014 SET FOREIGN_KEY_CHECKS=@OLD_FOREIGN_KEY_CHECKS */;
/*!40014 SET UNIQUE_CHECKS=@OLD_UNIQUE_CHECKS */;
/*!40101 SET CHARACTER_SET_CLIENT=@OLD_CHARACTER_SET_CLIENT */;
/*!40101 SET CHARACTER_SET_RESULTS=@OLD_CHARACTER_SET_RESULTS */;
/*!40101 SET COLLATION_CONNECTION=@OLD_COLLATION_CONNECTION */;
/*!40111 SET SQL_NOTES=@OLD_SQL_NOTES */;

-- Dump completed on 2020-10-12 15:21:20

DROP PROCEDURE IF EXISTS monthly_by_type;
DELIMITER //

CREATE PROCEDURE monthly_by_type(IN mth INT(2), IN yr INT(4))
BEGIN
  
    SELECT t.name, COUNT(*) AS total
  FROM azwh_accessions as a, azwh_patients as p, azwh_taxon as t
  WHERE a.patient_id=p.id 
  AND p.taxon_id_vet=t.id
  AND MONTH(a.date_admitted)=mth
  AND YEAR(a.date_admitted)=yr
  GROUP BY t.name
  ORDER BY total DESC;

END //
DELIMITER ;


DROP PROCEDURE IF EXISTS monthly_by_juris;
DELIMITER //

CREATE PROCEDURE monthly_by_juris(IN mth INT(2), IN yr INT(4))
BEGIN
  
    SELECT j.name, COUNT(*) AS total
  FROM azwh_accessions as a, azwh_jurisdictions as j
  WHERE a.rescue_jurisdiction_id=j.id 
  AND MONTH(a.date_admitted)=mth
  AND YEAR(a.date_admitted)=yr
  GROUP BY j.name
  ORDER BY total DESC;

END //
DELIMITER ;

call monthly_by_juris(1,2018);


DROP PROCEDURE IF EXISTS monthly_prev_months;
DELIMITER //
CREATE PROCEDURE monthly_prev_months(IN mth INT(2), IN yr INT(4))
BEGIN
  DECLARE start_date date;
    DECLARE end_date date;
    ## We want to make sure we include the current month but is easiest
    # to set to 1st of month, and then add a month, than work out the end
    # of the month
    SET end_date = DATE_ADD(CONCAT(yr,'-',mth,'-01'), INTERVAL 1 MONTH);
    SET start_date = DATE_SUB(end_date, INTERVAL 13 MONTH);
    
    SELECT MONTH(a.date_admitted), YEAR(a.date_admitted), COUNT(*) AS total
  FROM azwh_accessions as a
  WHERE a.date_admitted > start_date
  AND a.date_admitted < end_date
  GROUP BY MONTH(a.date_admitted), YEAR(a.date_admitted)
  ORDER BY YEAR(a.date_admitted), MONTH(a.date_admitted) ASC;

END //
DELIMITER ;

#call monthly_prev_months(1,2018);

DROP PROCEDURE IF EXISTS get_all_suburbs;
DELIMITER //
CREATE PROCEDURE get_all_suburb()
BEGIN
  
    SELECT id as suburb_id, name, postcode, jurisdiction_id
  FROM azwh_suburbs as s;

END //
DELIMITER ;

DROP PROCEDURE IF EXISTS get_all_species;
DELIMITER //
CREATE PROCEDURE get_all_species()
BEGIN
  
    SELECT id as species_id, name
  FROM azwh_species;

END //
DELIMITER ;

DROP PROCEDURE IF EXISTS add_or_get_rescuer;
DELIMITER //
CREATE PROCEDURE add_or_get_rescuer(
IN first_name varchar(50),
IN last_name varchar(50),
IN title varchar(50),
IN phone varchar(20),
in mobile varchar(50),
in email varchar(50),
in address1 varchar(50),
in suburb_id int(11))
BEGIN
  DECLARE rescuer_id int(11);
  SELECT id INTO rescuer_id from azwh_contacts 
  WHERE firstname=first_name 
  AND lastname=last_name
  AND salutation=title;

  IF rescuer_id IS NULL THEN
    INSERT into azwh_contacts (firstname, lastname, salutation, phone, mobile, email, address1, suburb_id, contact_category_id)
    VALUES (first_name, last_name, title, phone, mobile, email, address1, suburb_id, 11);
    SELECT id INTO rescuer_id from azwh_contacts 
        WHERE firstname=first_name 
        AND lastname=last_name
        AND salutation=title;
  END IF;

  select rescuer_id;

END //
DELIMITER ;

#call add_or_get_rescuer('Erica', 'Mealy', 'Dr', '0754594484','0400123456', 'name@email.com', '1 Moreton Parade',1883);

## Pre-requiste - rescuer, species, suburb and jurisdiction ID have been worked out.
DROP PROCEDURE IF EXISTS create_accession;
DELIMITER //
CREATE PROCEDURE create_accession(
IN rescuer_id int(10),
IN species_id int (10),
IN animal_name varchar(50),
IN date_admitted DATE, 
IN time_admitted TIME, 
IN admitter_signoff enum('Y','N',''), 
IN can_call enum('Y','N',''), 
IN registered_carer enum('Y','N',''),
IN interested_in_becoming enum('Y','N',''),
IN rescue_suburb_id int (11), 
IN rescue_juris_id int(11), 
IN rescue_situation varchar(255), 
IN rescue_reason varchar(255), 
IN time_in_capt varchar(255), 
IN fed_medicated enum('Y','N'), 
IN fed_what varchar(255), 
IN fed_when varchar(255),
IN affliction varchar(255))
BEGIN
  DECLARE next_acc_num int;
    DECLARE patient_id int (10);
    DECLARE taxonid int(11);

    SELECT MAX(CAST(accession_number AS UNSIGNED)) INTO next_acc_num FROM azwh_accessions;
    SET next_acc_num = next_acc_num + 1;
 
    SELECT taxon_id INTO taxonid from azwh_species WHERE id=species_id;
    
    INSERT into azwh_patients(name, species_id_vet, taxon_id_vet)
    VALUES (animal_name, species_id, taxonid);
    SELECT MAX(id) INTO patient_id from azwh_patients WHERE name=animal_name AND species_id_vet=species_id;

    INSERT into Azwh_accessions(create_ts, last_modified_ts, accession_number, date_admitted, time_admitted, rescuer_id, patient_id, 
              admitter_signoff, can_call_admitter, registered_wildlife_carer,
              interested_in_becoming_carer, rescue_suburb_id, rescue_jurisdiction_id,
                            rescue_situation, rescue_reason, 
                            accession_reason_id, time_in_captivity, fed_medicated, fed_what, fed_when)
    VALUES(now(), now(),next_acc_num, date_admitted, time_admitted, rescuer_id, patient_id, admitter_signoff, can_call, registered_carer,
              interested_in_becoming, rescue_suburb_id, rescue_juris_id, rescue_situation, rescue_reason, 
                            1, time_in_capt, fed_medicated, fed_what, fed_when);

    select next_acc_num;
END //
DELIMITER ;

#call create_accession(33528,469, "dane's koala", '2020-10-19', '14:30', 'Y', 'Y', 'Y', 'Y',1847,99,
#"On Ground", "Run in with a trolley", "1 hour",'N','','','BIG HEADACHE!');
#DELETE FROM azwh_patients where name="dane's koala";
